Label,Designation_IS,Type,Table,Table_name,pdf_page,h_mm,b_mm,c_mm,t_mm,Ri_mm,Mass_kg_m,A_mm2,Cx_mm,Cy_mm,Ix_mm4,Iy_mm4,Iu_mm4,Iv_mm4,Ixy_mm4,rx_mm,ry_mm,ru_mm,rv_mm,r_min_mm,tan_alpha,Zx_mm3,Zy_mm3,Zu_mm3,Zv_mm3,x0_mm,J_mm4,Cw_mm6,Source,corpus_check,validator
EA20X20X1.25,20 x 20 x 1.25,EA,1,Equal angles,8,20.0,20.0,,1.25,1.88,0.366,46.6,5.66,5.66,1850.0,1850.0,3030.0,670.0,1180.0,6.3,6.3,8.06,3.8,3.8,,129.0,129.0,,,,,,"IS_811_1987 (corpus structured/sections.csv, p.8)",PASS,PASS
EA20X20X2,20 x 20 x 2.00,EA,1,Equal angles,8,20.0,20.0,,2.0,3.0,0.56,71.4,6.06,6.06,2750.0,2750.0,4560.0,950.0,1800.0,6.21,6.21,7.99,3.64,3.64,,197.0,197.0,,,,,,"IS_811_1987 (corpus structured/sections.csv, p.8)",PASS,PASS
EA30X30X1.6,30 x 30 x 1.60,EA,1,Equal angles,8,30.0,30.0,,1.6,2.4,0.71,90.5,8.34,8.34,8140.0,8140.0,13280.0,3010.0,5130.0,9.49,9.49,12.1,5.77,5.77,,376.0,376.0,,,,,,"IS_811_1987 (corpus structured/sections.csv, p.8)",PASS,PASS
EA30X30X2,30 x 30 x 2.00,EA,1,Equal angles,8,30.0,30.0,,2.0,3.0,0.874,111.0,8.55,8.55,9920.0,9920.0,16200.0,3590.0,6330.0,9.44,9.44,12.1,5.68,5.68,,463.0,463.0,,,,,,"IS_811_1987 (corpus structured/sections.csv, p.8)",PASS,PASS
EA30X30X3.15,30 x 30 x 3.15,EA,1,Equal angles,8,30.0,30.0,,3.15,4.73,1.32,168.0,9.17,9.17,14500.0,14500.0,24000.0,4950.0,9530.0,9.29,9.29,12.0,5.43,5.43,,695.0,695.0,,,,,,"IS_811_1987 (corpus structured/sections.csv, p.8)",PASS,PASS
EA20X20X1.6,20 x 20 x 1.60,EA,1,Equal angles,8,20.0,20.0,,1.6,2.4,0.459,58.5,5.84,5.84,2290.0,2290.0,3770.0,810.0,1480.0,6.26,6.26,8.03,3.73,3.73,,162.0,162.0,,,,,,"IS_811_1987 (corpus structured/sections.csv, p.8)",PASS,PASS
EA40X40X1.6,40 x 40 x 1.60,EA,1,Equal angles,9,40.0,40.0,,1.6,2.4,0.962,122.0,10.8,10.8,19800.0,19800.0,32100.0,7470.0,12300.0,12.7,12.7,16.2,7.81,7.81,,679.0,679.0,,,,,,"IS_811_1987 (corpus structured/sections.csv, p.9)",PASS,PASS
EA50X50X2.55,50 x 50 x 2.55,EA,1,Equal angles,9,50.0,50.0,,2.55,3.83,1.89,241.0,13.8,13.8,60400.0,60400.0,98300.0,22400.0,38000.0,15.8,15.8,20.2,9.64,9.64,,1670.0,1670.0,,,,,,"IS_811_1987 (corpus structured/sections.csv, p.9)",PASS,PASS
EA50X50X3.15,50 x 50 x 3.15,EA,1,Equal angles,9,50.0,50.0,,3.15,4.73,2.3,294.0,14.2,14.2,72800.0,72800.0,119000.0,26500.0,46300.0,15.8,15.8,20.2,9.5,9.5,,2030.0,2030.0,,,,,,"IS_811_1987 (corpus structured/sections.csv, p.9)",PASS,PASS
EA50X50X4,50 x 50 x 4.00,EA,1,Equal angles,9,50.0,50.0,,4.0,6.0,2.87,366.0,14.6,14.6,89500.0,89500.0,147000.0,31700.0,57800.0,15.6,15.6,20.1,9.32,9.32,,2530.0,2530.0,,,,,,"IS_811_1987 (corpus structured/sections.csv, p.9)",PASS,PASS
EA60X60X3.15,60 x 60 x 3.15,EA,1,Equal angles,9,60.0,60.0,,3.15,4.73,2.8,357.0,16.6,16.6,128000.0,128000.0,209000.0,47500.0,80900.0,19.0,19.0,24.2,11.5,11.5,,2960.0,2960.0,,,,,,"IS_811_1987 (corpus structured/sections.csv, p.9)",PASS,PASS
EA60X60X4,60 x 60 x 4.00,EA,1,Equal angles,9,60.0,60.0,,4.0,6.0,3.5,446.0,17.1,17.1,159000.0,159000.0,260000.0,57400.0,101000.0,19.0,19.0,24.2,11.4,11.4,,3700.0,3700.0,,,,,,"IS_811_1987 (corpus structured/sections.csv, p.9)",PASS,PASS
EA70X70X3.15,70 x 70 x 3.15,EA,1,Equal angles,9,70.0,70.0,,3.15,4.73,3.29,420.0,19.2,19.2,207000.0,207000.0,336000.0,77400.0,129000.0,22.2,22.2,28.3,13.6,13.6,,4070.0,4070.0,,,,,,"IS_811_1987 (corpus structured/sections.csv, p.9)",PASS,PASS
EA70X70X4,70 x 70 x 4.00,EA,1,Equal angles,9,70.0,70.0,,4.0,6.0,4.13,526.0,19.6,19.6,257000.0,257000.0,419000.0,94300.0,162000.0,22.1,22.1,28.2,13.4,13.4,,5090.0,5090.0,,,,,,"IS_811_1987 (corpus structured/sections.csv, p.9)",PASS,PASS
EA70X70X5,70 x 70 x 5.00,EA,1,Equal angles,9,70.0,70.0,,5.0,7.5,5.07,646.0,20.1,20.1,312000.0,312000.0,512000.0,112000.0,200000.0,22.0,22.0,28.2,13.2,13.2,,6260.0,6260.0,,,,,,"IS_811_1987 (corpus structured/sections.csv, p.9)",PASS,PASS
EA80X80X3.15,80 x 80 x 3.15,EA,1,Equal angles,9,80.0,80.0,,3.15,4.73,3.79,483.0,21.6,21.6,312000.0,312000.0,506000.0,118000.0,194000.0,25.4,25.4,32.4,15.6,15.6,,5350.0,5350.0,,,,,,"IS_811_1987 (corpus structured/sections.csv, p.9)",PASS,PASS
EA80X80X4,80 x 80 x 4.00,EA,1,Equal angles,9,80.0,80.0,,4.0,6.0,4.75,606.0,22.1,22.1,388000.0,388000.0,633000.0,144000.0,244000.0,25.3,25.3,32.3,15.4,15.4,,6710.0,6710.0,,,,,,"IS_811_1987 (corpus structured/sections.csv, p.9)",PASS,PASS
EA80X80X5,80 x 80 x 5.00,EA,1,Equal angles,9,80.0,80.0,,5.0,7.5,5.86,746.0,22.6,22.6,474000.0,474000.0,775000.0,173000.0,301000.0,25.2,25.2,32.2,15.2,15.2,,8260.0,8260.0,,,,,,"IS_811_1987 (corpus structured/sections.csv, p.9)",PASS,PASS
EA80X80X6,80 x 80 x 6.00,EA,1,Equal angles,9,80.0,80.0,,6.0,9.0,6.93,883.0,23.2,23.2,555000.0,555000.0,912000.0,198000.0,357000.0,25.0,25.0,32.2,15.0,15.0,,9770.0,9770.0,,,,,,"IS_811_1987 (corpus structured/sections.csv, p.9)",PASS,PASS
EA100X100X3.15,100 x 100 x 3.15,EA,1,Equal angles,9,100.0,100.0,,3.15,4.73,4.78,609.0,26.6,26.6,619000.0,619000.0,1000000.0,236000.0,382000.0,31.9,31.9,40.6,19.7,19.7,,8140.0,8140.0,,,,,,"IS_811_1987 (corpus structured/sections.csv, p.9)",PASS,PASS
EA100X100X4,100 x 100 x 4.00,EA,1,Equal angles,9,100.0,100.0,,4.0,6.0,6.01,766.0,27.1,27.1,773000.0,773000.0,1250000.0,292000.0,482000.0,31.8,31.8,40.5,19.5,19.5,,10600.0,10600.0,,,,,,"IS_811_1987 (corpus structured/sections.csv, p.9)",PASS,PASS
EA100X100X5,100 x 100 x 5.00,EA,1,Equal angles,9,100.0,100.0,,5.0,7.5,7.43,946.0,27.6,27.6,948000.0,948000.0,1540000.0,352000.0,596000.0,31.7,31.7,40.4,19.3,19.3,,13100.0,13100.0,,,,,,"IS_811_1987 (corpus structured/sections.csv, p.9)",PASS,PASS
EA100X100X6,100 x 100 x 6.00,EA,1,Equal angles,9,100.0,100.0,,6.0,9.0,8.81,1120.0,28.2,28.2,1110000.0,1110000.0,1820000.0,408000.0,708000.0,31.5,31.5,40.3,19.1,19.1,,15500.0,15500.0,,,,,,"IS_811_1987 (corpus structured/sections.csv, p.9)",PASS,PASS
EA40X40X2,40 x 40 x 2.00,EA,1,Equal angles,9,40.0,40.0,,2.0,3.0,1.19,151.0,11.1,11.0,24300.0,24300.0,39500.0,9020.0,15300.0,12.7,12.7,16.2,7.72,7.72,,839.0,839.0,,,,,,"IS_811_1987 (corpus structured/sections.csv, p.9)",PASS (manual image read),PASS
EA40X40X2.55,40 x 40 x 2.55,EA,1,Equal angles,9,40.0,40.0,,2.55,3.83,1.49,190.0,11.3,11.3,30200.0,30200.0,49300.0,11000.0,19500.0,12.6,12.6,16.1,7.6,7.6,,1050.0,1050.0,,,,,,"IS_811_1987 (corpus structured/sections.csv, p.9)",PASS,PASS
EA40X40X3.15,40 x 40 x 3.15,EA,1,Equal angles,9,40.0,40.0,,3.15,4.73,1.81,231.0,11.7,11.7,36200.0,36200.0,59500.0,12800.0,23300.0,12.5,12.5,16.2,7.46,7.46,,1280.0,1280.0,,,,,,"IS_811_1987 (corpus structured/sections.csv, p.9)",PASS,PASS
EA50X50X2,50 x 50 x 2.00,EA,1,Equal angles,9,50.0,50.0,,2.0,3.0,1.5,191.0,13.6,13.6,48300.0,48300.0,78400.0,18200.0,30100.0,15.89,15.89,20.2,9.76,9.76,,1330.0,1330.0,,,,,,"IS_811_1987 (corpus structured/sections.csv, p.9)",PASS,PASS
EA60X60X2,60 x 60 x 2.00,EA,1,Equal angles,9,60.0,60.0,,2.0,3.0,1.82,231.0,16.0,16.0,84600.0,84600.0,137000.0,32200.0,52400.0,19.1,19.1,24.3,11.8,11.8,,1920.0,1920.0,,,,,,"IS_811_1987 (corpus structured/sections.csv, p.9)",PASS (manual image read),PASS
UA20X15X1.25,20 x 15 x 1.25,UA,2,Unequal angles,10,20.0,15.0,,1.25,1.88,0.317,40.4,6.44,3.82,1670.0,830.0,2100.0,390.0,750.0,6.43,4.52,7.21,3.1,3.1,0.584,123.0,74.0,,,,,,"IS_811_1987 (corpus structured/sections.csv, p.10)",PASS,PASS
UA20X15X1.6,20 x 15 x 1.60,UA,2,Unequal angles,10,20.0,15.0,,1.6,2.4,0.396,50.5,6.64,4.0,2050.0,1020.0,2600.0,470.0,930.0,6.38,4.48,7.175,3.04,3.04,0.588,154.0,92.0,,,,,,"IS_811_1987 (corpus structured/sections.csv, p.10)",PASS,PASS
UA20X15X2,20 x 15 x 2.00,UA,2,Unequal angles,10,20.0,15.0,,2.0,3.0,0.482,61.4,6.88,4.2,2450.0,1210.0,3120.0,540.0,1130.0,6.32,4.44,7.128,2.96,2.96,0.592,187.0,112.0,,,,,,"IS_811_1987 (corpus structured/sections.csv, p.10)",PASS,PASS
UA30X15X1.25,30 x 15 x 1.25,UA,2,Unequal angles,10,30.0,15.0,,1.25,1.88,0.415,52.9,10.82,3.07,5060.0,930.0,5440.0,540.0,1310.0,9.78,4.18,10.141,3.21,3.21,0.291,264.0,78.0,,,,,,"IS_811_1987 (corpus structured/sections.csv, p.10)",PASS,PASS
UA30X15X1.6,30 x 15 x 1.60,UA,2,Unequal angles,10,30.0,15.0,,1.6,2.4,0.522,66.5,11.06,3.23,6280.0,1140.0,6760.0,660.0,1650.0,9.72,4.15,10.082,3.15,3.15,0.293,332.0,97.0,,,,,,"IS_811_1987 (corpus structured/sections.csv, p.10)",PASS,PASS
UA30X15X2,30 x 15 x 2.00,UA,2,Unequal angles,10,30.0,15.0,,2.0,3.0,0.639,81.4,11.33,3.41,7570.0,1370.0,8160.0,780.0,2000.0,9.64,4.1,10.012,3.09,3.09,0.295,406.0,118.0,,,,,,"IS_811_1987 (corpus structured/sections.csv, p.10)",PASS,PASS
UA30X20X1.6,30 x 20 x 1.60,UA,2,Unequal angles,10,30.0,20.0,,1.6,2.4,0.585,74.5,9.96,4.76,7030.0,2610.0,8310.0,1340.0,2690.0,9.72,5.92,10.561,4.24,4.24,0.473,351.0,172.0,,,,,,"IS_811_1987 (corpus structured/sections.csv, p.10)",PASS,PASS
UA30X20X2,30 x 20 x 2.00,UA,2,Unequal angles,10,30.0,20.0,,2.0,3.0,0.717,91.4,10.2,4.95,8520.0,3160.0,10100.0,1590.0,3300.0,9.66,5.88,10.512,4.17,4.17,0.476,431.0,210.0,,,,,,"IS_811_1987 (corpus structured/sections.csv, p.10)",PASS,PASS
UA40X20X1.6,40 x 20 x 1.60,UA,2,Unequal angles,11,40.0,20.0,,1.6,2.4,0.71,90.5,14.4,4.06,15400.0,2820.0,16600.0,1660.0,4000.0,13.1,5.59,13.543,4.29,4.29,0.291,602.0,177.0,,,,,,"IS_811_1987 (corpus structured/sections.csv, p.11)",PASS,PASS
UA40X20X2,40 x 20 x 2.00,UA,2,Unequal angles,11,40.0,20.0,,2.0,3.0,0.874,111.0,14.7,4.24,18800.0,3420.0,20200.0,1990.0,4910.0,13.0,5.54,13.49,4.22,4.22,0.292,741.0,217.0,,,,,,"IS_811_1987 (corpus structured/sections.csv, p.11)",PASS,PASS
UA40X20X2.55,40 x 20 x 2.55,UA,2,Unequal angles,11,40.0,20.0,,2.55,3.83,1.09,139.0,15.0,4.49,23100.0,4180.0,24900.0,2380.0,6100.0,12.9,5.48,13.384,4.14,4.14,0.295,924.0,269.0,,,,,,"IS_811_1987 (corpus structured/sections.csv, p.11)",PASS,PASS
UA40X25X2,40 x 25 x 2.00,UA,2,Unequal angles,11,40.0,25.0,,2.0,3.0,0.953,121.0,13.5,5.75,20500.0,6500.0,23500.0,3460.0,7200.0,13.0,7.32,13.936,5.34,5.34,0.423,774.0,338.0,,,,,,"IS_811_1987 (corpus structured/sections.csv, p.11)",PASS,PASS
UA40X25X2.55,40 x 25 x 2.55,UA,2,Unequal angles,11,40.0,25.0,,2.55,3.83,1.19,152.0,13.9,6.01,25300.0,7990.0,29100.0,4160.0,8990.0,12.9,7.26,13.836,5.24,5.24,0.426,968.0,421.0,,,,,,"IS_811_1987 (corpus structured/sections.csv, p.11)",PASS,PASS
UA50X25X1.6,50 x 25 x 1.60,UA,2,Unequal angles,11,50.0,25.0,,1.6,2.4,0.899,114.0,17.7,4.89,30800.0,5660.0,33100.0,3370.0,7920.0,16.4,7.03,17.04,5.42,5.42,0.289,953.0,281.0,,,,,,"IS_811_1987 (corpus structured/sections.csv, p.11)",PASS,PASS
UA50X25X2,50 x 25 x 2.00,UA,2,Unequal angles,11,50.0,25.0,,2.0,3.0,1.11,141.0,18.0,5.08,37200.0,6890.0,40500.0,4060.0,9760.0,16.3,6.98,16.948,5.36,5.36,0.291,1180.0,346.0,,,,,,"IS_811_1987 (corpus structured/sections.csv, p.11)",PASS,PASS
UA50X25X2.55,50 x 25 x 2.55,UA,2,Unequal angles,11,50.0,25.0,,2.55,3.83,1.39,177.0,18.4,5.33,46600.0,8490.0,50200.0,4920.0,12200.0,16.2,6.92,16.841,5.27,5.27,0.293,1470.0,432.0,,,,,,"IS_811_1987 (corpus structured/sections.csv, p.11)",PASS,PASS
UA60X30X2,60 x 30 x 2.00,UA,2,Unequal angles,11,60.0,30.0,,2.0,3.0,1.34,171.0,21.3,5.91,66200.0,12200.0,71200.0,7230.0,17100.0,19.7,8.42,20.405,6.49,6.49,0.289,1710.0,505.0,,,,,,"IS_811_1987 (corpus structured/sections.csv, p.11)",PASS,PASS
UA60X30X3.15,60 x 30 x 3.15,UA,2,Unequal angles,11,60.0,30.0,,3.15,4.73,2.06,262.0,22.1,6.43,99200.0,18100.0,107000.0,10440.0,26000.0,19.4,8.3,20.209,6.3,6.3,0.293,2620.0,766.0,,,,,,"IS_811_1987 (corpus structured/sections.csv, p.11)",PASS,PASS
UA80X30X2,80 x 30 x 2.00,UA,2,Unequal angles,11,80.0,30.0,,2.0,3.0,1.66,211.0,30.5,4.98,144000.0,13000.0,149000.0,8430.0,24800.0,26.1,7.83,26.574,6.32,6.32,0.182,2920.0,518.0,,,,,,"IS_811_1987 (corpus structured/sections.csv, p.11)",PASS,PASS
UA80X30X2.55,80 x 30 x 2.55,UA,2,Unequal angles,11,80.0,30.0,,2.55,3.83,2.09,266.0,30.9,5.22,180000.0,16100.0,186400.0,10400.0,31200.0,26.0,7.77,26.472,6.24,6.24,0.183,3680.0,649.0,,,,,,"IS_811_1987 (corpus structured/sections.csv, p.11)",PASS,PASS
UA80X30X3.15,80 x 30 x 3.15,UA,2,Unequal angles,11,80.0,30.0,,3.15,4.73,2.55,325.0,31.4,5.49,218000.0,19300.0,225000.0,12400.0,37800.0,26.0,7.7,26.312,6.16,6.16,0.184,4480.0,787.0,,,,,,"IS_811_1987 (corpus structured/sections.csv, p.11)",PASS,PASS
UA80X50X3.15,80 x 50 x 3.15,UA,2,Unequal angles,11,80.0,50.0,,3.15,4.73,3.05,388.0,26.5,11.1,265000.0,84000.0,303000.0,45600.0,92100.0,26.1,14.7,27.945,10.8,10.8,0.42,4950.0,2160.0,,,,,,"IS_811_1987 (corpus structured/sections.csv, p.11)",PASS,PASS
UA80X50X4,80 x 50 x 4.00,UA,2,Unequal angles,11,80.0,50.0,,4.0,6.0,3.81,486.0,27.1,11.5,328000.0,104000.0,377000.0,55400.0,115000.0,26.0,14.6,27.852,10.7,10.7,0.423,6190.0,2700.0,,,,,,"IS_811_1987 (corpus structured/sections.csv, p.11)",PASS,PASS
UA80X50X5,80 x 50 x 5.00,UA,2,Unequal angles,11,80.0,50.0,,5.0,7.5,4.68,596.0,27.7,12.0,398000.0,126000.0,458000.0,65700.0,141000.0,25.8,14.5,27.721,10.5,10.5,0.425,7600.0,3310.0,,,,,,"IS_811_1987 (corpus structured/sections.csv, p.11)",PASS,PASS
UA100X30X3.15,100 x 30 x 3.15,UA,2,Unequal angles,11,100.0,30.0,,3.15,4.73,3.05,388.0,40.9,4.86,401000.0,20200.0,408000.0,13700.0,49900.0,32.2,7.21,32.428,5.95,5.95,0.129,6790.0,802.0,,,,,,"IS_811_1987 (corpus structured/sections.csv, p.11)",PASS,PASS
UA100X30X4,100 x 30 x 4.00,UA,2,Unequal angles,11,100.0,30.0,,4.0,6.0,3.81,486.0,41.6,5.23,495000.0,24600.0,503000.0,16700.0,61700.0,31.9,7.12,32.171,5.86,5.86,0.129,8470.0,994.0,,,,,,"IS_811_1987 (corpus structured/sections.csv, p.11)",PASS (manual image read),PASS
UA100X30X5,100 x 30 x 5.00,UA,2,Unequal angles,11,100.0,30.0,,5.0,7.5,4.68,596.0,42.4,5.68,597000.0,29400.0,607000.0,19800.0,74600.0,31.6,7.03,31.913,5.76,5.76,0.129,10400.0,1210.0,,,,,,"IS_811_1987 (corpus structured/sections.csv, p.11)",PASS (manual image read),PASS
UA100X50X3.15,100 x 50 x 3.15,UA,2,Unequal angles,11,100.0,50.0,,3.15,4.73,3.54,451.0,35.4,9.76,485000.0,89200.0,521000.0,53200.0,125000.0,32.8,14.1,33.988,10.8,10.8,0.289,7510.0,2220.0,,,,,,"IS_811_1987 (corpus structured/sections.csv, p.11)",PASS,PASS
UA100X50X4,100 x 50 x 4.00,UA,2,Unequal angles,11,100.0,50.0,,4.0,6.0,4.44,566.0,36.0,10.0,603000.0,110000.0,648000.0,64900.0,156000.0,32.6,14.0,33.836,10.7,10.7,0.291,9410.0,2720.0,,,,,,"IS_811_1987 (corpus structured/sections.csv, p.11)",PASS,PASS
UA100X50X5,100 x 50 x 5.00,UA,2,Unequal angles,11,100.0,50.0,,5.0,7.5,5.46,696.0,36.6,10.6,734000.0,134000.0,790000.0,77600.0,192000.0,32.5,13.9,33.691,10.6,10.6,0.292,11600.0,3390.0,,,,,,"IS_811_1987 (corpus structured/sections.csv, p.11)",PASS,PASS
UA100X50X6,100 x 50 x 6.00,UA,2,Unequal angles,11,100.0,50.0,,6.0,9.0,6.46,823.0,37.3,11.1,857000.0,155000.0,923000.0,89000.0,226000.0,32.3,13.8,33.489,10.4,10.4,0.294,13700.0,4000.0,,,,,,"IS_811_1987 (corpus structured/sections.csv, p.11)",PASS,PASS
CWS20X20X1.25,20 x 20 x 1.25,CWS,3,Channels without lips (square),12,20.0,20.0,,1.25,1.88,0.536,68.3,,7.5,4630.0,2840.0,,,,8.23,6.44,,,6.44,,463.0,227.0,,,14.9,40.0,189000.0,"IS_811_1987 (corpus structured/sections.csv, p.12)",PASS,PASS
CWS20X20X1.6,20 x 20 x 1.60,CWS,3,Channels without lips (square),12,20.0,20.0,,1.6,2.4,0.667,85.0,,7.74,5540.0,3450.0,,,,8.07,6.38,,,6.38,,554.0,282.0,,,14.8,70.0,226000.0,"IS_811_1987 (corpus structured/sections.csv, p.12)",PASS,PASS
CWS20X20X2,20 x 20 x 2.00,CWS,3,Channels without lips (square),12,20.0,20.0,,2.0,3.0,0.807,103.0,,8.03,6390.0,4070.0,,,,7.88,6.29,,,6.29,,639.0,340.0,,,14.6,130.0,261000.0,"IS_811_1987 (corpus structured/sections.csv, p.12)",PASS,PASS
CWS25X25X1.25,25 x 25 x 1.25,CWS,3,Channels without lips (square),12,25.0,25.0,,1.25,1.88,0.683,87.0,,9.16,9490.0,5730.0,,,,10.4,8.11,,,8.11,,759.0,362.0,,,18.7,40.0,604000.0,"IS_811_1987 (corpus structured/sections.csv, p.12)",PASS,PASS
CWS25X25X1.6,25 x 25 x 1.60,CWS,3,Channels without lips (square),12,25.0,25.0,,1.6,2.4,0.856,109.0,,9.4,11500.0,7060.0,,,,10.3,8.05,,,8.05,,921.0,453.0,,,18.6,90.0,733000.0,"IS_811_1987 (corpus structured/sections.csv, p.12)",PASS,PASS
CWS25X25X2,25 x 25 x 2.00,CWS,3,Channels without lips (square),12,25.0,25.0,,2.0,3.0,1.04,132.0,,9.68,13500.0,8430.0,,,,10.1,7.97,,,7.97,,1080.0,550.0,,,18.5,170.0,861000.0,"IS_811_1987 (corpus structured/sections.csv, p.12)",PASS,PASS
CWS25X25X2.55,25 x 25 x 2.55,CWS,3,Channels without lips (square),12,25.0,25.0,,2.55,3.83,1.28,163.0,,10.0,15800.0,10100.0,,,,9.83,7.85,,,7.85,,1260.0,675.0,,,18.3,340.0,1010000.0,"IS_811_1987 (corpus structured/sections.csv, p.12)",PASS,PASS
CWS30X30X1.6,30 x 30 x 1.60,CWS,3,Channels without lips (square),13,30.0,30.0,,1.6,2.4,1.04,133.0,,11.2,20700.0,12600.0,,,,12.5,9.72,,,9.72,,1380.0,663.0,,,22.4,110.0,1900000.0,"IS_811_1987 (corpus structured/sections.csv, p.13)",PASS,PASS
CWS30X30X3.15,30 x 30 x 3.15,CWS,3,Channels without lips (square),13,30.0,30.0,,3.15,4.73,1.89,241.0,,12.2,33300.0,21300.0,,,,11.8,9.4,,,9.4,,2220.0,1190.0,,,21.9,770.0,3060000.0,"IS_811_1987 (corpus structured/sections.csv, p.13)",PASS,PASS
CWS40X40X1.6,40 x 40 x 1.60,CWS,3,Channels without lips (square),13,40.0,40.0,,1.6,2.4,1.42,181.0,,14.4,51600.0,30900.0,,,,16.9,13.1,,,13.1,,2580.0,1200.0,,,30.0,150.0,8420000.0,"IS_811_1987 (corpus structured/sections.csv, p.13)",PASS,PASS
CWS40X40X2,40 x 40 x 2.00,CWS,3,Channels without lips (square),13,40.0,40.0,,2.0,3.0,1.75,223.0,,14.7,62200.0,37600.0,,,,16.7,13.0,,,13.0,,3110.0,1480.0,,,29.9,290.0,10100000.0,"IS_811_1987 (corpus structured/sections.csv, p.13)",PASS,PASS
CWS40X40X3.15,40 x 40 x 3.15,CWS,3,Channels without lips (square),13,40.0,40.0,,3.15,4.73,2.63,335.0,,15.4,87600.0,54600.0,,,,16.2,12.8,,,12.8,,4380.0,2220.0,,,29.6,1080.0,14300000.0,"IS_811_1987 (corpus structured/sections.csv, p.13)",PASS,PASS
CWS50X50X2,50 x 50 x 2.00,CWS,3,Channels without lips (square),13,50.0,50.0,,2.0,3.0,2.22,283.0,,18.0,126700.0,75300.0,,,,21.1,16.3,,,16.3,,5040.0,2350.0,,,37.5,370.0,32100000.0,"IS_811_1987 (corpus structured/sections.csv, p.13)",PASS,PASS
CWS50X50X2.55,50 x 50 x 2.55,CWS,3,Channels without lips (square),13,50.0,50.0,,2.55,3.83,2.78,354.0,,18.4,154000.0,93300.0,,,,20.9,16.2,,,16.2,,6170.0,2950.0,,,37.4,760.0,39300000.0,"IS_811_1987 (corpus structured/sections.csv, p.13)",PASS,PASS
CWS50X50X3.15,50 x 50 x 3.15,CWS,3,Channels without lips (square),13,50.0,50.0,,3.15,4.73,3.37,430.0,,18.8,182000.0,112000.0,,,,20.6,16.1,,,16.1,,7280.0,3570.0,,,37.2,1400.0,46300000.0,"IS_811_1987 (corpus structured/sections.csv, p.13)",PASS,PASS
CWS50X50X4,50 x 50 x 4.00,CWS,3,Channels without lips (square),13,50.0,50.0,,4.0,6.0,4.17,531.0,,19.4,216000.0,135000.0,,,,20.2,15.94,,,15.94,,8650.0,4400.0,,,36.9,2760.0,55100000.0,"IS_811_1987 (corpus structured/sections.csv, p.13)",PASS,PASS
CWS60X60X2,60 x 60 x 2.00,CWS,3,Channels without lips (square),13,60.0,60.0,,2.0,3.0,2.69,343.0,,21.3,223000.0,132000.0,,,,25.5,19.7,,,19.7,,7440.0,3420.0,,,45.1,450.0,81900000.0,"IS_811_1987 (corpus structured/sections.csv, p.13)",PASS,PASS
CWS60X60X3.15,60 x 60 x 3.15,CWS,3,Channels without lips (square),13,60.0,60.0,,3.15,4.73,4.12,520.0,,22.1,327000.0,198000.0,,,,25.0,19.4,,,19.4,,10910.0,5230.0,,,44.8,1710.0,121000000.0,"IS_811_1987 (corpus structured/sections.csv, p.13)",PASS,PASS
CWS60X60X4,60 x 60 x 4.00,CWS,3,Channels without lips (square),13,60.0,60.0,,4.0,6.0,5.1,651.0,,22.7,394000.0,242000.0,,,,24.6,19.3,,,19.3,,13100.0,6490.0,,,44.5,3400.0,144000000.0,"IS_811_1987 (corpus structured/sections.csv, p.13)",PASS,PASS
CWS80X80X2,80 x 80 x 2.00,CWS,3,Channels without lips (square),13,80.0,80.0,,2.0,3.0,3.63,463.0,,28.0,546000.0,321000.0,,,,34.3,26.3,,,26.3,,13600.0,6160.0,,,60.4,610.0,356000000.0,"IS_811_1987 (corpus structured/sections.csv, p.13)",PASS,PASS
CWS80X80X3.15,80 x 80 x 3.15,CWS,3,Channels without lips (square),13,80.0,80.0,,3.15,4.73,5.6,713.0,,28.7,815000.0,487000.0,,,,33.8,26.1,,,26.1,,20400.0,9500.0,,,60.0,2330.0,531000000.0,"IS_811_1987 (corpus structured/sections.csv, p.13)",PASS,PASS
CWS80X80X5,80 x 80 x 5.00,CWS,3,Channels without lips (square),13,80.0,80.0,,5.0,7.5,8.58,1090.0,,30.0,1190000.0,726000.0,,,,32.9,25.8,,,25.8,,29600.0,14500.0,,,59.5,8930.0,773000000.0,"IS_811_1987 (corpus structured/sections.csv, p.13)",PASS (manual image read),PASS
CWS80X80X6,80 x 80 x 6.00,CWS,3,Channels without lips (square),13,80.0,80.0,,6.0,9.0,10.2,1290.0,,30.7,1360000.0,841000.0,,,,32.5,25.6,,,25.6,,33900.0,17100.0,,,59.2,15100.0,884000000.0,"IS_811_1987 (corpus structured/sections.csv, p.13)",PASS,PASS
CWS100X100X2,100 x 100 x 2.00,CWS,3,Channels without lips (square),13,100.0,100.0,,2.0,3.0,4.58,583.0,,34.6,1090000.0,634000.0,,,,43.2,33.0,,,33.0,,21700.0,9710.0,,,75.6,770.0,1110000000.0,"IS_811_1987 (corpus structured/sections.csv, p.13)",PASS,PASS
CWS100X100X3.15,100 x 100 x 3.15,CWS,3,Channels without lips (square),13,100.0,100.0,,3.15,4.73,7.08,902.0,,35.4,1640000.0,970000.0,,,,42.6,32.8,,,32.8,,32800.0,15000.0,,,75.3,2960.0,670000000.0,"IS_811_1987 (corpus structured/sections.csv, p.13)",PASS,PASS
CWS100X100X5,100 x 100 x 5.00,CWS,3,Channels without lips (square),13,100.0,100.0,,5.0,7.5,10.9,1390.0,,36.6,2430000.0,1470000.0,,,,41.8,32.5,,,32.5,,48600.0,23200.0,,,74.7,11400.0,2470000000.0,"IS_811_1987 (corpus structured/sections.csv, p.13)",PASS,PASS
CWS100X100X6,100 x 100 x 6.00,CWS,3,Channels without lips (square),13,100.0,100.0,,6.0,9.0,12.9,1650.0,,37.3,2800000.0,1710000.0,,,,41.3,32.3,,,32.3,,56100.0,27300.0,,,74.4,19400.0,2860000000.0,"IS_811_1987 (corpus structured/sections.csv, p.13)",PASS,PASS
CWS30X30X2,30 x 30 x 2.00,CWS,3,Channels without lips (square),13,30.0,30.0,,2.0,3.0,1.28,163.0,,11.3,24600.0,15100.0,,,,12.3,9.64,,,9.64,,1640.0,811.0,,,22.3,210.0,2260000.0,"IS_811_1987 (corpus structured/sections.csv, p.13)",PASS,PASS
CWR30X15X1.25,30 x 15 x 1.25,CWR,4,Channels without lips (rectangular),14,30.0,15.0,,1.25,1.88,0.536,68.3,,4.41,9160.0,1500.0,,,,11.6,4.69,,,4.69,,611.0,142.0,,,8.98,40.0,224000.0,"IS_811_1987 (corpus structured/sections.csv, p.14)",PASS,PASS
CWR30X15X1.6,30 x 15 x 1.60,CWR,4,Channels without lips (rectangular),14,30.0,15.0,,1.6,2.4,0.667,85.0,,4.6,11000.0,1830.0,,,,11.4,4.64,,,4.64,,735.0,176.0,,,8.87,70.0,269000.0,"IS_811_1987 (corpus structured/sections.csv, p.14)",PASS,PASS
CWR30X20X1.25,30 x 20 x 1.25,CWR,4,Channels without lips (rectangular),14,30.0,20.0,,1.25,1.88,0.634,80.8,,6.44,11700.0,3340.0,,,,12.1,6.43,,,6.43,,783.0,246.0,,,13.3,40.0,499000.0,"IS_811_1987 (corpus structured/sections.csv, p.14)",PASS,PASS
CWR30X20X2,30 x 20 x 2.00,CWR,4,Channels without lips (rectangular),14,30.0,20.0,,2.0,3.0,0.964,123.0,,6.88,16800.0,4900.0,,,,11.7,6.32,,,6.32,,1117.0,374.0,,,13.1,160.0,713000.0,"IS_811_1987 (corpus structured/sections.csv, p.14)",PASS,PASS
CWR40X15X1.25,40 x 15 x 1.25,CWR,4,Channels without lips (rectangular),14,40.0,15.0,,1.25,1.88,0.634,80.8,,3.82,18200.0,1650.0,,,,15.0,4.52,,,4.52,,910.0,148.0,,,8.02,40.0,448000.0,"IS_811_1987 (corpus structured/sections.csv, p.14)",PASS,PASS
CWR40X15X2,40 x 15 x 2.00,CWR,4,Channels without lips (rectangular),14,40.0,15.0,,2.0,3.0,0.964,123.0,,4.2,26430.0,2420.0,,,,14.6,4.44,,,4.44,,1300.0,224.0,,,7.79,160.0,639000.0,"IS_811_1987 (corpus structured/sections.csv, p.14)",PASS,PASS
CWR40X20X2,40 x 20 x 2.00,CWR,4,Channels without lips (rectangular),14,40.0,20.0,,2.0,3.0,1.12,143.0,,6.06,33200.0,5500.0,,,,15.3,6.2,,,6.2,,1660.0,395.0,,,11.9,190.0,1440000.0,"IS_811_1987 (corpus structured/sections.csv, p.14)",PASS,PASS
CWR40X20X3.15,40 x 20 x 3.15,CWR,4,Channels without lips (rectangular),14,40.0,20.0,,3.15,4.73,1.64,209.0,,6.69,44800.0,7680.0,,,,14.6,6.06,,,6.06,,2240.0,577.0,,,11.5,660.0,1950000.0,"IS_811_1987 (corpus structured/sections.csv, p.14)",PASS,PASS
CWR40X25X1.6,40 x 25 x 1.60,CWR,4,Channels without lips (rectangular),14,40.0,25.0,,1.6,2.4,1.04,133.0,,7.85,33900.0,8520.0,,,,16.0,8.0,,,8.0,,1700.0,497.0,,,16.3,110.0,2270000.0,"IS_811_1987 (corpus structured/sections.csv, p.14)",PASS,PASS
CWR40X25X2,40 x 25 x 2.00,CWR,4,Channels without lips (rectangular),14,40.0,25.0,,2.0,3.0,1.28,163.0,,8.08,40500.0,10300.0,,,,15.8,7.95,,,7.95,,2020.0,608.0,,,16.2,210.0,2700000.0,"IS_811_1987 (corpus structured/sections.csv, p.14)",PASS,PASS
CWR40X25X2.55,40 x 25 x 2.55,CWR,4,Channels without lips (rectangular),14,40.0,25.0,,2.55,3.83,1.58,202.0,,8.4,48300.0,12500.0,,,,15.5,7.87,,,7.87,,2420.0,752.0,,,16.0,420.0,3230000.0,"IS_811_1987 (corpus structured/sections.csv, p.14)",PASS (manual image read),PASS
CWR50X25X1.6,50 x 25 x 1.60,CWR,4,Channels without lips (rectangular),14,50.0,25.0,,1.6,2.4,1.17,149.0,,7.09,57000.0,9230.0,,,,19.6,7.87,,,7.87,,2280.0,516.0,,,15.1,120.0,3870000.0,"IS_811_1987 (corpus structured/sections.csv, p.14)",PASS,PASS
CWR50X25X2,50 x 25 x 2.00,CWR,4,Channels without lips (rectangular),14,50.0,25.0,,2.0,3.0,1.44,183.0,,7.3,68400.0,11200.0,,,,19.4,7.82,,,7.82,,2740.0,632.0,,,15.0,240.0,4640000.0,"IS_811_1987 (corpus structured/sections.csv, p.14)",PASS,PASS
CWR50X25X2.55,50 x 25 x 2.55,CWR,4,Channels without lips (rectangular),15,50.0,25.0,,2.55,3.83,1.78,227.0,,7.6,82400.0,13600.0,,,,19.0,7.75,,,7.75,,3300.0,785.0,,,14.8,480.0,5590000.0,"IS_811_1987 (corpus structured/sections.csv, p.15)",PASS (manual image read),PASS
CWR50X25X3.15,50 x 25 x 3.15,CWR,4,Channels without lips (rectangular),15,50.0,25.0,,3.15,4.73,2.14,272.0,,7.93,95400.0,16000.0,,,,18.7,7.68,,,7.68,,3820.0,940.0,,,14.6,870.0,6480000.0,"IS_811_1987 (corpus structured/sections.csv, p.15)",PASS,PASS
CWR50X40X1.6,50 x 40 x 1.60,CWR,4,Channels without lips (rectangular),15,50.0,40.0,,1.6,2.4,1.55,197.0,,13.3,85400.0,33600.0,,,,20.8,13.0,,,13.0,,3410.0,1260.0,,,28.4,170.0,14200000.0,"IS_811_1987 (corpus structured/sections.csv, p.15)",PASS,PASS
CWR50X40X2,50 x 40 x 2.00,CWR,4,Channels without lips (rectangular),15,50.0,40.0,,2.0,3.0,1.91,243.0,,13.5,103000.0,41000.0,,,,20.6,13.0,,,13.0,,4120.0,1550.0,,,28.2,320.0,17200000.0,"IS_811_1987 (corpus structured/sections.csv, p.15)",PASS,PASS
CWR50X40X2.55,50 x 40 x 2.55,CWR,4,Channels without lips (rectangular),15,50.0,40.0,,2.55,3.83,2.38,304.0,,13.9,125000.0,50600.0,,,,20.3,12.9,,,12.9,,5020.0,1940.0,,,28.1,650.0,21000000.0,"IS_811_1987 (corpus structured/sections.csv, p.15)",PASS,PASS
CWR50X40X3.15,50 x 40 x 3.15,CWR,4,Channels without lips (rectangular),15,50.0,40.0,,3.15,4.73,2.88,367.0,,14.3,147000.0,60200.0,,,,20.0,12.8,,,12.8,,5890.0,2340.0,,,27.9,1190.0,24600000.0,"IS_811_1987 (corpus structured/sections.csv, p.15)",PASS,PASS
CWR60X30X1.6,60 x 30 x 1.60,CWR,4,Channels without lips (rectangular),15,60.0,30.0,,1.6,2.4,1.42,180.0,,8.34,101000.0,16300.0,,,,23.6,9.49,,,9.49,,3370.0,752.0,,,18.2,150.0,9910000.0,"IS_811_1987 (corpus structured/sections.csv, p.15)",PASS,PASS
CWR60X30X2,60 x 30 x 2.00,CWR,4,Channels without lips (rectangular),15,60.0,30.0,,2.0,3.0,1.75,223.0,,8.55,122000.0,19900.0,,,,23.4,9.44,,,9.44,,4080.0,925.0,,,18.1,290.0,12000000.0,"IS_811_1987 (corpus structured/sections.csv, p.15)","PASS (manual image read; Iyy digit smudged, 1.99 consistent with Ryy 0.944)",PASS
CWR60X30X3.15,60 x 30 x 3.15,CWR,4,Channels without lips (rectangular),15,60.0,30.0,,3.15,4.73,2.63,335.0,,9.17,174000.0,29000.0,,,,22.8,9.29,,,9.29,,5820.0,1390.0,,,17.8,1080.0,17000000.0,"IS_811_1987 (corpus structured/sections.csv, p.15)",PASS,PASS
CWR60X30X4,60 x 30 x 4.00,CWR,4,Channels without lips (rectangular),15,60.0,30.0,,4.0,6.0,3.23,411.0,,9.64,205000.0,34700.0,,,,22.3,9.18,,,9.18,,6840.0,1700.0,,,17.5,2120.0,20100000.0,"IS_811_1987 (corpus structured/sections.csv, p.15)",PASS (manual image read),PASS
CWR60X40X2,60 x 40 x 2.00,CWR,4,Channels without lips (rectangular),15,60.0,40.0,,2.0,3.0,2.06,263.0,,12.6,156000.0,43900.0,,,,24.4,12.9,,,12.9,,5200.0,1600.0,,,26.8,350.0,26500000.0,"IS_811_1987 (corpus structured/sections.csv, p.15)",PASS,PASS
CWR60X40X3.15,60 x 40 x 3.15,CWR,4,Channels without lips (rectangular),15,60.0,40.0,,3.15,4.73,3.13,398.0,,13.3,225000.0,64900.0,,,,23.8,12.8,,,12.8,,7510.0,2430.0,,,26.5,1290.0,38300000.0,"IS_811_1987 (corpus structured/sections.csv, p.15)",PASS,PASS
CWR60X40X4,60 x 40 x 4.00,CWR,4,Channels without lips (rectangular),15,60.0,40.0,,4.0,6.0,3.86,491.0,,13.8,268000.0,78400.0,,,,23.4,12.6,,,12.6,,8930.0,2990.0,,,26.2,2550.0,45600000.0,"IS_811_1987 (corpus structured/sections.csv, p.15)",PASS,PASS
CWR60X50X2,60 x 50 x 2.00,CWR,4,Channels without lips (rectangular),15,60.0,50.0,,2.0,3.0,2.38,303.0,,16.9,190000.0,80700.0,,,,25.0,16.3,,,16.3,,6320.0,2440.0,,,35.8,400.0,49300000.0,"IS_811_1987 (corpus structured/sections.csv, p.15)",PASS,PASS
CWR60X50X3.15,60 x 50 x 3.15,CWR,4,Channels without lips (rectangular),15,60.0,50.0,,3.15,4.73,3.62,461.0,,17.6,276000.0,120000.0,,,,24.5,16.1,,,16.1,,9210.0,3710.0,,,35.5,1500.0,71800000.0,"IS_811_1987 (corpus structured/sections.csv, p.15)",PASS,PASS
CWR70X30X1.6,70 x 30 x 1.60,CWR,4,Channels without lips (rectangular),15,70.0,30.0,,1.6,2.4,1.55,197.0,,7.73,145000.0,17100.0,,,,27.1,9.32,,,9.32,,4140.0,769.0,,,17.2,170.0,14300000.0,"IS_811_1987 (corpus structured/sections.csv, p.15)",PASS,PASS
CWR70X30X2,70 x 30 x 2.00,CWR,4,Channels without lips (rectangular),15,70.0,30.0,,2.0,3.0,1.91,243.0,,7.93,176000.0,20900.0,,,,26.9,9.28,,,9.28,,5020.0,947.0,,,17.1,320.0,17300000.0,"IS_811_1987 (corpus structured/sections.csv, p.15)",PASS,PASS
CWR70X30X3.15,70 x 30 x 3.15,CWR,4,Channels without lips (rectangular),15,70.0,30.0,,3.15,4.73,2.88,367.0,,8.52,253000.0,30600.0,,,,26.3,9.14,,,9.14,,7230.0,1430.0,,,16.7,1190.0,24800000.0,"IS_811_1987 (corpus structured/sections.csv, p.15)",PASS,PASS
CWR70X40X2,70 x 40 x 2.00,CWR,4,Channels without lips (rectangular),15,70.0,40.0,,2.0,3.0,2.22,283.0,,11.8,222000.0,46400.0,,,,28.0,12.8,,,12.8,,6350.0,1640.0,,,25.5,370.0,38300000.0,"IS_811_1987 (corpus structured/sections.csv, p.15)",PASS,PASS
CWR70X40X3.15,70 x 40 x 3.15,CWR,4,Channels without lips (rectangular),15,70.0,40.0,,3.15,4.73,3.37,430.0,,12.4,323000.0,68900.0,,,,27.4,12.7,,,12.7,,9240.0,2500.0,,,25.2,1400.0,55700000.0,"IS_811_1987 (corpus structured/sections.csv, p.15)",PASS,PASS
CWR70X40X4,70 x 40 x 4.00,CWR,4,Channels without lips (rectangular),15,70.0,40.0,,4.0,6.0,4.17,531.0,,12.9,387000.0,83600.0,,,,27.0,12.6,,,12.6,,11100.0,3080.0,,,24.9,2760.0,66700000.0,"IS_811_1987 (corpus structured/sections.csv, p.15)",PASS,PASS
CWR80X25X1.6,80 x 25 x 1.60,CWR,4,Channels without lips (rectangular),15,80.0,25.0,,1.6,2.4,1.55,197.0,,5.56,174000.0,10700.0,,,,29.7,7.36,,,7.36,,4360.0,549.0,,,12.5,170.0,11900000.0,"IS_811_1987 (corpus structured/sections.csv, p.15)",PASS,PASS
CWR80X25X2,80 x 25 x 2.00,CWR,4,Channels without lips (rectangular),15,80.0,25.0,,2.0,3.0,1.91,243.0,,5.75,211000.0,13000.0,,,,29.5,7.32,,,7.32,,5280.0,675.0,,,12.4,320.0,14400000.0,"IS_811_1987 (corpus structured/sections.csv, p.15)",PASS,PASS
CWR80X40X1.6,80 x 40 x 1.60,CWR,4,Channels without lips (rectangular),15,80.0,40.0,,1.6,2.4,1.92,245.0,,10.8,248000.0,39600.0,,,,31.8,12.7,,,12.7,,6280.0,1340.0,,,24.5,210.0,43200000.0,"IS_811_1987 (corpus structured/sections.csv, p.15)",PASS,PASS
CWR80X40X2,80 x 40 x 2.00,CWR,4,Channels without lips (rectangular),15,80.0,40.0,,2.0,3.0,2.38,303.0,,11.0,302000.0,48600.0,,,,31.6,12.7,,,12.7,,7560.0,1680.0,,,24.4,400.0,52600000.0,"IS_811_1987 (corpus structured/sections.csv, p.15)",PASS,PASS
CWR80X40X3.15,80 x 40 x 3.15,CWR,4,Channels without lips (rectangular),15,80.0,40.0,,3.15,4.73,3.62,461.0,,11.7,443000.0,72400.0,,,,31.0,12.5,,,12.5,,11100.0,2550.0,,,24.0,1500.0,77000000.0,"IS_811_1987 (corpus structured/sections.csv, p.15)",PASS,PASS
CWR80X40X4,80 x 40 x 4.00,CWR,4,Channels without lips (rectangular),15,80.0,40.0,,4.0,6.0,4.48,571.0,,12.1,532000.0,88100.0,,,,30.5,12.4,,,12.4,,13300.0,3160.0,,,23.8,2980.0,92400000.0,"IS_811_1987 (corpus structured/sections.csv, p.15)",PASS,PASS
CWR80X50X3.15,80 x 50 x 3.15,CWR,4,Channels without lips (rectangular),15,80.0,50.0,,3.15,4.73,4.12,524.0,,15.7,536000.0,134000.0,,,,32.0,16.0,,,16.0,,13400.0,3920.0,,,32.6,1710.0,143000000.0,"IS_811_1987 (corpus structured/sections.csv, p.15)",PASS,PASS
CWR80X50X4,80 x 50 x 4.00,CWR,4,Channels without lips (rectangular),15,80.0,50.0,,4.0,6.0,5.11,651.0,,16.2,648000.0,165000.0,,,,31.5,15.9,,,15.9,,16200.0,4860.0,,,32.4,3400.0,173000000.0,"IS_811_1987 (corpus structured/sections.csv, p.15)",PASS,PASS
CWR80X50X5,80 x 50 x 5.00,CWR,4,Channels without lips (rectangular),15,80.0,50.0,,5.0,7.5,6.22,792.0,,16.7,763000.0,197000.0,,,,31.0,15.8,,,15.8,,19100.0,5920.0,,,32.1,6430.0,204000000.0,"IS_811_1987 (corpus structured/sections.csv, p.15)",PASS,PASS
CWR80X60X2,80 x 60 x 2.00,CWR,4,Channels without lips (rectangular),15,80.0,60.0,,2.0,3.0,3.0,383.0,,19.2,424000.0,147000.0,,,,33.3,19.6,,,19.6,,10600.0,3610.0,,,41.9,510.0,161000000.0,"IS_811_1987 (corpus structured/sections.csv, p.15)",PASS,PASS
CWR80X60X3.15,80 x 60 x 3.15,CWR,4,Channels without lips (rectangular),15,80.0,60.0,,3.15,4.73,4.61,587.0,,19.9,629000.0,222000.0,,,,32.7,19.4,,,19.4,,15700.0,5540.0,,,41.6,1920.0,238000000.0,"IS_811_1987 (corpus structured/sections.csv, p.15)",PASS,PASS
CWR80X60X4,80 x 60 x 4.00,CWR,4,Channels without lips (rectangular),15,80.0,60.0,,4.0,6.0,5.74,731.0,,20.4,763000.0,273000.0,,,,32.3,19.3,,,19.3,,19100.0,6890.0,,,41.3,3830.0,289000000.0,"IS_811_1987 (corpus structured/sections.csv, p.15)",PASS,PASS
CWR90X40X1.6,90 x 40 x 1.60,CWR,4,Channels without lips (rectangular),15,90.0,40.0,,1.6,2.4,2.05,261.0,,10.2,326000.0,41000.0,,,,35.3,12.6,,,12.6,,7240.0,1380.0,,,23.5,220.0,57100000.0,"IS_811_1987 (corpus structured/sections.csv, p.15)",PASS,PASS
CWR90X40X2,90 x 40 x 2.00,CWR,4,Channels without lips (rectangular),15,90.0,40.0,,2.0,3.0,2.53,323.0,,10.4,398000.0,50500.0,,,,35.1,12.5,,,12.5,,8840.0,1710.0,,,23.3,430.0,69700000.0,"IS_811_1987 (corpus structured/sections.csv, p.15)",PASS,PASS
CWR90X40X3.15,90 x 40 x 3.15,CWR,4,Channels without lips (rectangular),15,90.0,40.0,,3.15,4.73,3.87,493.0,,11.0,585000.0,75400.0,,,,34.5,12.4,,,12.4,,13000.0,2600.0,,,23.0,1600.0,102000000.0,"IS_811_1987 (corpus structured/sections.csv, p.15)",PASS,PASS
CWR90X50X1.6,90 x 50 x 1.60,CWR,4,Channels without lips (rectangular),15,90.0,50.0,,1.6,2.4,2.3,293.0,,14.0,388000.0,75900.0,,,,36.4,16.0,,,16.0,,8630.0,2110.0,,,31.4,250.0,105000000.0,"IS_811_1987 (corpus structured/sections.csv, p.15)",PASS,PASS
CWR80X25X3.15,80 x 25 x 3.15,CWR,4,Channels without lips (rectangular),15,80.0,25.0,,3.15,4.73,2.88,367.0,,6.29,303000.0,19000.0,,,,28.8,7.19,,,7.19,,7580.0,1010.0,,,12.0,1190.0,20500000.0,"IS_811_1987 (corpus structured/sections.csv, p.15)",PASS,PASS
CWR80X25X4,80 x 25 x 4.00,CWR,4,Channels without lips (rectangular),15,80.0,25.0,,4.0,6.0,3.54,451.0,,6.7,359000.0,22700.0,,,,28.2,7.1,,,7.1,,8970.0,1240.0,,,11.8,2340.0,24200000.0,"IS_811_1987 (corpus structured/sections.csv, p.15)",PASS (manual image read),PASS
CWR80X50X2,80 x 50 x 2.00,CWR,4,Channels without lips (rectangular),15,80.0,50.0,,2.0,3.0,2.69,343.0,,15.0,363000.0,89600.0,,,,32.6,16.2,,,16.2,,9080.0,2560.0,,,33.0,450.0,97200000.0,"IS_811_1987 (corpus structured/sections.csv, p.15)",PASS,PASS
CWR90X50X2,90 x 50 x 2.00,CWR,4,Channels without lips (rectangular),16,90.0,50.0,,2.0,3.0,2.85,363.0,,14.2,475000.0,93300.0,,,,36.2,16.0,,,16.0,,10600.0,2610.0,,,31.8,480.0,128000000.0,"IS_811_1987 (corpus structured/sections.csv, p.16)",PASS,PASS
CWR90X50X3.15,90 x 50 x 3.15,CWR,4,Channels without lips (rectangular),16,90.0,50.0,,3.15,4.73,4.36,556.0,,14.9,704000.0,140000.0,,,,35.6,15.9,,,15.9,,15600.0,4000.0,,,31.4,1810.0,190000000.0,"IS_811_1987 (corpus structured/sections.csv, p.16)",PASS,PASS
CWR100X40X1.6,100 x 40 x 1.60,CWR,4,Channels without lips (rectangular),16,100.0,40.0,,1.6,2.4,2.17,277.0,,9.68,416000.0,42400.0,,,,38.8,12.4,,,12.4,,8330.0,1400.0,,,22.5,240.0,73300000.0,"IS_811_1987 (corpus structured/sections.csv, p.16)",PASS,PASS
CWR100X40X2,100 x 40 x 2.00,CWR,4,Channels without lips (rectangular),16,100.0,40.0,,2.0,3.0,2.69,343.0,,9.88,509000.0,52100.0,,,,38.6,12.3,,,12.3,,10200.0,1730.0,,,22.4,450.0,89500000.0,"IS_811_1987 (corpus structured/sections.csv, p.16)",PASS,PASS
CWR100X40X3.15,100 x 40 x 3.15,CWR,4,Channels without lips (rectangular),16,100.0,40.0,,3.15,4.73,4.12,524.0,,10.4,753000.0,78000.0,,,,37.9,12.2,,,12.2,,15100.0,2640.0,,,22.0,1710.0,132000000.0,"IS_811_1987 (corpus structured/sections.csv, p.16)",PASS,PASS
CWR100X40X4,100 x 40 x 4.00,CWR,4,Channels without lips (rectangular),16,100.0,40.0,,4.0,6.0,5.11,651.0,,10.9,910000.0,95400.0,,,,37.4,12.1,,,12.1,,18200.0,3270.0,,,21.8,3400.0,159000000.0,"IS_811_1987 (corpus structured/sections.csv, p.16)",PASS,PASS
CWR100X50X2,100 x 50 x 2.00,CWR,4,Channels without lips (rectangular),16,100.0,50.0,,2.0,3.0,3.0,383.0,,13.6,605000.0,96700.0,,,,39.8,15.4,,,15.4,,12100.0,2650.0,,,30.6,510.0,165000000.0,"IS_811_1987 (corpus structured/sections.csv, p.16)",PASS,PASS
CWR100X50X3.15,100 x 50 x 3.15,CWR,4,Channels without lips (rectangular),16,100.0,50.0,,3.15,4.73,4.61,587.0,,14.2,900000.0,146000.0,,,,39.2,15.8,,,15.8,,18000.0,4060.0,,,30.3,1920.0,245000000.0,"IS_811_1987 (corpus structured/sections.csv, p.16)",PASS,PASS
CWR100X50X5,100 x 50 x 5.00,CWR,4,Channels without lips (rectangular),16,100.0,50.0,,5.0,7.5,7.01,892.0,,15.2,1300000.0,215000.0,,,,38.2,15.5,,,15.5,,26000.0,6170.0,,,29.7,7270.0,,"IS_811_1987 (corpus structured/sections.csv, p.16)",FLAG: Cw printed 35.3 cm6 is a misprint in the standard (100x50x4.00 prints 297; geometry ~331-353) — do not use Cw for this row,PASS (corpus-flagged misprint blanked: Cw_mm6)
CWR100X60X2,100 x 60 x 2.00,CWR,4,Channels without lips (rectangular),16,100.0,60.0,,2.0,3.0,3.32,423.0,,17.5,701000.0,159000.0,,,,40.7,19.4,,,19.4,,14000.0,3740.0,,,39.2,560.0,271000000.0,"IS_811_1987 (corpus structured/sections.csv, p.16)",PASS,PASS
CWR100X60X3.15,100 x 60 x 3.15,CWR,4,Channels without lips (rectangular),16,100.0,60.0,,3.15,4.73,5.1,650.0,,18.1,1050000.0,241000.0,,,,40.2,19.3,,,19.3,,21000.0,5760.0,,,38.9,2120.0,405000000.0,"IS_811_1987 (corpus structured/sections.csv, p.16)",PASS,PASS
CWR100X60X4,100 x 60 x 4.00,CWR,4,Channels without lips (rectangular),16,100.0,60.0,,4.0,6.0,6.37,811.0,,18.6,1280000.0,297000.0,,,,39.7,19.1,,,19.1,,25600.0,7180.0,,,38.6,4260.0,494000000.0,"IS_811_1987 (corpus structured/sections.csv, p.16)",PASS,PASS
CWR100X60X5,100 x 60 x 5.00,CWR,4,Channels without lips (rectangular),16,100.0,60.0,,5.0,7.5,7.79,992.0,,19.2,1520000.0,359000.0,,,,39.2,19.0,,,19.0,,30800.0,8780.0,,,38.3,8100.0,589000000.0,"IS_811_1987 (corpus structured/sections.csv, p.16)",PASS,PASS
CWR100X50X4,100 x 50 x 4.00,CWR,4,Channels without lips (rectangular),16,100.0,50.0,,4.0,6.0,5.74,731.0,,14.6,1090000.0,179000.0,,,,38.7,15.6,,,15.6,,21900.0,5060.0,,,30.0,3830.0,297000000.0,"IS_811_1987 (corpus structured/sections.csv, p.16)",PASS (manual image read),PASS
CWR120X50X3.15,120 x 50 x 3.15,CWR,4,Channels without lips (rectangular),17,120.0,50.0,,3.15,4.73,5.1,650.0,,12.9,1380000.0,155000.0,,,,46.1,15.4,,,15.4,,23000.0,4180.0,,,28.2,2120.0,379000000.0,"IS_811_1987 (corpus structured/sections.csv, p.17)",PASS,PASS
CWR120X50X4,120 x 50 x 4.00,CWR,4,Channels without lips (rectangular),17,120.0,50.0,,4.0,6.0,6.37,811.0,,13.4,1690000.0,191000.0,,,,45.6,15.3,,,15.3,,28100.0,5200.0,,,28.0,4260.0,462000000.0,"IS_811_1987 (corpus structured/sections.csv, p.17)",PASS,PASS
CWR120X50X5,120 x 50 x 5.00,CWR,4,Channels without lips (rectangular),17,120.0,50.0,,5.0,7.5,7.79,992.0,,13.9,2010000.0,230000.0,,,,45.0,15.2,,,15.2,,33600.0,6360.0,,,27.7,8100.0,550000000.0,"IS_811_1987 (corpus structured/sections.csv, p.17)",PASS,PASS
CWR120X60X4,120 x 60 x 4.00,CWR,4,Channels without lips (rectangular),17,120.0,60.0,,4.0,6.0,7.0,891.0,,17.1,1960000.0,317000.0,,,,46.9,18.9,,,18.9,,32600.0,7400.0,,,36.2,4680.0,766000000.0,"IS_811_1987 (corpus structured/sections.csv, p.17)",PASS,PASS
CWR120X60X6,120 x 60 x 6.00,CWR,4,Channels without lips (rectangular),17,120.0,60.0,,6.0,9.0,10.1,1290.0,,18.2,2690000.0,446000.0,,,,45.8,18.6,,,18.6,,44900.0,10700.0,,,35.6,15070.0,1050000000.0,"IS_811_1987 (corpus structured/sections.csv, p.17)",PASS,PASS
CWR140X60X4,140 x 60 x 4.00,CWR,4,Channels without lips (rectangular),17,140.0,60.0,,4.0,6.0,7.62,971.0,,15.9,2810000.0,334000.0,,,,53.8,18.6,,,18.6,,40200.0,7570.0,,,34.2,5110.0,1110000000.0,"IS_811_1987 (corpus structured/sections.csv, p.17)",PASS,PASS
CWR140X60X6,140 x 60 x 6.00,CWR,4,Channels without lips (rectangular),17,140.0,60.0,,6.0,9.0,11.0,1410.0,,16.9,3900000.0,470000.0,,,,52.7,18.3,,,18.3,,55700.0,10900.0,,,33.6,16510.0,1530000000.0,"IS_811_1987 (corpus structured/sections.csv, p.17)",PASS,PASS
CWR150X50X3.15,150 x 50 x 3.15,CWR,4,Channels without lips (rectangular),17,150.0,50.0,,3.15,4.73,5.85,745.0,,11.5,2350000.0,165000.0,,,,56.2,14.9,,,14.9,,31400.0,4300.0,,,25.7,2440.0,650000000.0,"IS_811_1987 (corpus structured/sections.csv, p.17)",PASS,PASS
CWR150X50X4,150 x 50 x 4.00,CWR,4,Channels without lips (rectangular),17,150.0,50.0,,4.0,6.0,7.31,931.0,,11.9,2890000.0,204000.0,,,,55.7,14.8,,,14.8,,38500.0,5360.0,,,25.4,4900.0,790000000.0,"IS_811_1987 (corpus structured/sections.csv, p.17)",PASS,PASS
CWR150X50X5,150 x 50 x 5.00,CWR,4,Channels without lips (rectangular),17,150.0,50.0,,5.0,7.5,8.97,1140.0,,12.4,3460000.0,247000.0,,,,55.1,14.7,,,14.7,,46200.0,6560.0,,,25.1,9350.0,940000000.0,"IS_811_1987 (corpus structured/sections.csv, p.17)",PASS,PASS
CWR180X50X3.15,180 x 50 x 3.15,CWR,4,Channels without lips (rectangular),17,180.0,50.0,,3.15,4.73,6.59,839.0,,10.4,3660000.0,174000.0,,,,66.0,14.4,,,14.4,,40700.0,4390.0,,,23.6,2750.0,1000000000.0,"IS_811_1987 (corpus structured/sections.csv, p.17)",PASS,PASS
CWR180X50X5,180 x 50 x 5.00,CWR,4,Channels without lips (rectangular),17,180.0,50.0,,5.0,7.5,10.2,1290.0,,11.2,5430000.0,260000.0,,,,64.8,14.2,,,14.2,,60300.0,6710.0,,,23.1,10600.0,1460000000.0,"IS_811_1987 (corpus structured/sections.csv, p.17)",PASS,PASS
CWR200X50X5,200 x 50 x 5.00,CWR,4,Channels without lips (rectangular),17,200.0,50.0,,5.0,7.5,10.9,1390.0,,10.6,7060000.0,267000.0,,,,71.2,13.9,,,13.9,,70600.0,6790.0,,,21.9,11400.0,1880000000.0,"IS_811_1987 (corpus structured/sections.csv, p.17)",PASS,PASS
CWR200X50X6,200 x 50 x 6.00,CWR,4,Channels without lips (rectangular),17,200.0,50.0,,6.0,9.0,12.9,1650.0,,11.1,8180000.0,311000.0,,,,70.5,13.8,,,13.8,,81800.0,7980.0,,,21.6,19400.0,2170000000.0,"IS_811_1987 (corpus structured/sections.csv, p.17)",PASS,PASS
CWR200X80X4,200 x 80 x 4.00,CWR,4,Channels without lips (rectangular),17,200.0,80.0,,4.0,6.0,10.8,1370.0,,19.8,8150000.0,834000.0,,,,77.1,24.7,,,24.7,,81500.0,13800.0,,,44.8,7240.0,5730000000.0,"IS_811_1987 (corpus structured/sections.csv, p.17)",PASS,PASS
CWR200X80X5,200 x 80 x 5.00,CWR,4,Channels without lips (rectangular),17,200.0,80.0,,5.0,7.5,13.3,1690.0,,20.2,9910000.0,1020000.0,,,,76.5,24.6,,,24.6,,99100.0,17100.0,,,44.4,13900.0,6960000000.0,"IS_811_1987 (corpus structured/sections.csv, p.17)",PASS,PASS
CWR200X80X6,200 x 80 x 6.00,CWR,4,Channels without lips (rectangular),17,200.0,80.0,,6.0,9.0,15.7,2010.0,,20.8,11600000.0,1197000.0,,,,75.9,24.4,,,24.4,,116000.0,20200.0,,,44.2,23700.0,8110000000.0,"IS_811_1987 (corpus structured/sections.csv, p.17)",PASS,PASS
CWR250X50X4,250 x 50 x 4.00,CWR,4,Channels without lips (rectangular),17,250.0,50.0,,4.0,6.0,10.4,1330.0,,8.93,10200000.0,232000.0,,,,87.6,13.2,,,13.2,,81700.0,5650.0,,,19.7,7030.0,2660000000.0,"IS_811_1987 (corpus structured/sections.csv, p.17)",PASS,PASS
CWR250X50X5,250 x 50 x 5.00,CWR,4,Channels without lips (rectangular),17,250.0,50.0,,5.0,7.5,12.9,1640.0,,9.37,12400000.0,282000.0,,,,86.9,13.1,,,13.1,,99100.0,6940.0,,,19.4,13500.0,3200000000.0,"IS_811_1987 (corpus structured/sections.csv, p.17)",PASS,PASS
CWR250X50X6,250 x 50 x 6.00,CWR,4,Channels without lips (rectangular),17,250.0,50.0,,6.0,9.0,15.3,1950.0,,9.82,14400000.0,328000.0,,,,86.1,13.0,,,13.0,,115000.0,8170.0,,,19.1,23000.0,3700000000.0,"IS_811_1987 (corpus structured/sections.csv, p.17)",PASS,PASS
CWR250X80X4,250 x 80 x 4.00,CWR,4,Channels without lips (rectangular),17,250.0,80.0,,4.0,6.0,12.3,1570.0,,17.5,13800000.0,890000.0,,,,93.9,23.8,,,23.8,,110000.0,13200.0,,,40.7,8310.0,9730000000.0,"IS_811_1987 (corpus structured/sections.csv, p.17)",PASS,PASS
CWR250X80X5,250 x 80 x 5.00,CWR,4,Channels without lips (rectangular),17,250.0,80.0,,5.0,7.5,15.2,1940.0,,18.0,16900000.0,1090000.0,,,,93.3,23.7,,,23.7,,135000.0,17600.0,,,40.4,16000.0,11800000000.0,"IS_811_1987 (corpus structured/sections.csv, p.17)",PASS,PASS
CWR120X60X5,120 x 60 x 5.00,CWR,4,Channels without lips (rectangular),17,120.0,60.0,,5.0,7.5,8.58,1090.0,,17.6,2340000.0,384000.0,,,,46.3,18.8,,,18.8,,39100.0,9070.0,,,35.9,8930.0,917000000.0,"IS_811_1987 (corpus structured/sections.csv, p.17)",PASS,PASS
CLS25X25X8X1.25,25 x 25 x 8 x 1.25,CLS,5,Channels with lips (square),18,25.0,25.0,8.0,1.25,1.88,0.787,100.0,,11.2,10100.0,8380.0,,,,10.02,9.14,,,9.14,,806.0,606.0,,,26.6,50.0,1870000.0,"IS_811_1987 (corpus structured/sections.csv, p.18)",PASS,PASS
CLS25X25X8X1.6,25 x 25 x 8 x 1.60,CLS,5,Channels with lips (square),18,25.0,25.0,8.0,1.6,2.4,0.97,124.0,,11.1,12000.0,9850.0,,,,9.83,8.93,,,8.93,,956.0,710.0,,,26.9,100.0,2140000.0,"IS_811_1987 (corpus structured/sections.csv, p.18)",PASS,PASS
CLS30X30X10X1.25,30 x 30 x 10 x 1.25,CLS,5,Channels with lips (square),18,30.0,30.0,10.0,1.25,1.88,0.974,124.0,,13.6,18200.0,15500.0,,,,12.1,11.2,,,11.2,,1210.0,941.0,,,32.0,60.0,5320000.0,"IS_811_1987 (corpus structured/sections.csv, p.18)",PASS (manual image read),PASS
CLS35X35X10X1.25,35 x 35 x 10 x 1.25,CLS,5,Channels with lips (square),18,35.0,35.0,10.0,1.25,1.88,1.12,143.0,,15.3,29600.0,24000.0,,,,14.4,13.0,,,13.0,,1690.0,1220.0,,,36.0,70.0,9490000.0,"IS_811_1987 (corpus structured/sections.csv, p.18)",PASS,PASS
CLS35X35X10X1.6,35 x 35 x 10 x 1.60,CLS,5,Channels with lips (square),18,35.0,35.0,10.0,1.6,2.4,1.4,178.0,,15.2,36000.0,28800.0,,,,14.2,12.7,,,12.7,,2060.0,1460.0,,,36.2,150.0,11200000.0,"IS_811_1987 (corpus structured/sections.csv, p.18)",PASS,PASS
CLS40X40X10X1.25,40 x 40 x 10 x 1.25,CLS,5,Channels with lips (square),18,40.0,40.0,10.0,1.25,1.88,1.27,162.0,,17.0,45000.0,35000.0,,,,16.7,14.7,,,14.7,,2250.0,1520.0,,,39.9,80.0,16100000.0,"IS_811_1987 (corpus structured/sections.csv, p.18)",PASS,PASS
CLS40X40X10X1.6,40 x 40 x 10 x 1.60,CLS,5,Channels with lips (square),18,40.0,40.0,10.0,1.6,2.4,1.59,202.0,,17.0,55000.0,42400.0,,,,16.5,14.5,,,14.5,,2750.0,1840.0,,,40.1,170.0,19100000.0,"IS_811_1987 (corpus structured/sections.csv, p.18)",PASS,PASS
CLS30X30X10X1.6,30 x 30 x 10 x 1.60,CLS,5,Channels with lips (square),18,30.0,30.0,10.0,1.6,2.4,1.21,154.0,,13.5,21900.0,18500.0,,,,11.9,11.0,,,11.0,,1460.0,1120.0,,,32.3,130.0,6230000.0,"IS_811_1987 (corpus structured/sections.csv, p.18)",PASS (manual image read),PASS
CLS50X50X10X1.6,50 x 50 x 10 x 1.60,CLS,5,Channels with lips (square),19,50.0,50.0,10.0,1.6,2.4,1.96,250.0,,20.4,110000.0,80500.0,,,,21.0,18.0,,,18.0,,4420.0,2720.0,,,47.8,210.0,48700000.0,"IS_811_1987 (corpus structured/sections.csv, p.19)",PASS,PASS
CLS50X50X15X2,50 x 50 x 15 x 2.00,CLS,5,Channels with lips (square),19,50.0,50.0,15.0,2.0,3.0,2.56,326.0,,22.0,136000.0,111000.0,,,,20.4,18.5,,,18.5,,5420.0,3970.0,,,52.1,420.0,93800000.0,"IS_811_1987 (corpus structured/sections.csv, p.19)",PASS,PASS
CLS60X60X15X2,60 x 60 x 15 x 2.00,CLS,5,Channels with lips (square),19,60.0,60.0,15.0,2.0,3.0,3.03,386.0,,25.5,240000.0,186000.0,,,,25.0,22.0,,,22.0,,8010.0,5400.0,,,59.9,500.0,192000000.0,"IS_811_1987 (corpus structured/sections.csv, p.19)",PASS,PASS
CLS60X60X15X2.55,60 x 60 x 15 x 2.55,CLS,5,Channels with lips (square),19,60.0,60.0,15.0,2.55,3.83,3.76,480.0,,25.4,292000.0,224000.0,,,,24.7,21.6,,,21.6,,9730.0,6490.0,,,60.2,1020.0,226000000.0,"IS_811_1987 (corpus structured/sections.csv, p.19)",PASS,PASS
CLS60X60X20X3.15,60 x 60 x 20 x 3.15,CLS,5,Channels with lips (square),19,60.0,60.0,20.0,3.15,4.73,4.77,608.0,,27.0,347000.0,293000.0,,,,23.9,22.0,,,22.0,,11600.0,8880.0,,,64.6,1960.0,395000000.0,"IS_811_1987 (corpus structured/sections.csv, p.19)",PASS,PASS
CLS80X80X15X2,80 x 80 x 15 x 2.00,CLS,5,Channels with lips (square),19,80.0,80.0,15.0,2.0,3.0,3.97,506.0,,32.3,584000.0,423000.0,,,,34.0,28.9,,,28.9,,14600.0,8860.0,,,75.3,660.0,641000000.0,"IS_811_1987 (corpus structured/sections.csv, p.19)",PASS,PASS
CLS80X80X25X4,80 x 80 x 25 x 4.00,CLS,5,Channels with lips (square),19,80.0,80.0,25.0,4.0,6.0,8.02,1020.0,,35.5,1060000.0,870000.0,,,,32.1,29.2,,,29.2,,26400.0,19600.0,,,84.7,5310.0,1940000000.0,"IS_811_1987 (corpus structured/sections.csv, p.19)",PASS,PASS
CLS80X80X25X5,80 x 80 x 25 x 5.00,CLS,5,Channels with lips (square),19,80.0,80.0,25.0,5.0,7.5,9.69,1230.0,,35.4,1230000.0,1010000.0,,,,31.6,28.6,,,28.6,,30800.0,22600.0,,,85.5,9950.0,2190000000.0,"IS_811_1987 (corpus structured/sections.csv, p.19)",PASS,PASS
CLS100X100X15X2,100 x 100 x 15 x 2.00,CLS,5,Channels with lips (square),19,100.0,100.0,15.0,2.0,3.0,4.91,626.0,,39.0,1150000.0,799000.0,,,,42.9,35.8,,,35.8,,23100.0,13100.0,,,90.6,820.0,1720000000.0,"IS_811_1987 (corpus structured/sections.csv, p.19)",PASS,PASS
CLS100X100X20X3.15,100 x 100 x 20 x 3.15,CLS,5,Channels with lips (square),19,100.0,100.0,20.0,3.15,4.73,7.74,986.0,,40.7,1740000.0,1270000.0,,,,42.1,35.9,,,35.9,,34900.0,21500.0,,,95.5,3210.0,3080000000.0,"IS_811_1987 (corpus structured/sections.csv, p.19)",PASS,PASS
CLS100X100X25X4,100 x 100 x 25 x 4.00,CLS,5,Channels with lips (square),19,100.0,100.0,25.0,4.0,6.0,9.91,1260.0,,42.4,2150000.0,1660000.0,,,,41.2,36.2,,,36.2,,43000.0,28700.0,,,100.0,6590.0,4660000000.0,"IS_811_1987 (corpus structured/sections.csv, p.19)",PASS,PASS
CLS100X100X25X5,100 x 100 x 25 x 5.00,CLS,5,Channels with lips (square),19,100.0,100.0,25.0,5.0,7.5,12.0,1530.0,,42.7,2550000.0,1949000.0,,,,40.7,35.6,,,35.6,,50900.0,33600.0,,,101.0,12400.0,5340000000.0,"IS_811_1987 (corpus structured/sections.csv, p.19)",PASS,PASS
CLR30X15X10X1.25,30 x 15 x 10 x 1.25,CLR,6,Channels with lips (rectangular),20,30.0,15.0,10.0,1.25,1.88,0.679,86.6,,6.51,10500.0,2920.0,,,,11.0,5.81,,,5.81,,697.0,344.0,,,16.6,40.0,1030000.0,"IS_811_1987 (corpus structured/sections.csv, p.20)",PASS,PASS
CLR30X15X10X1.6,30 x 15 x 10 x 1.60,CLR,6,Channels with lips (rectangular),20,30.0,15.0,10.0,1.6,2.4,0.832,106.0,,6.49,12200.0,3370.0,,,,10.7,5.64,,,5.64,,815.0,395.0,,,16.8,90.0,1140000.0,"IS_811_1987 (corpus structured/sections.csv, p.20)",PASS,PASS
CLR40X20X10X1.25,40 x 20 x 10 x 1.25,CLR,6,Channels with lips (rectangular),20,40.0,20.0,10.0,1.25,1.88,0.876,112.0,,7.9,26200.0,6570.0,,,,15.3,7.67,,,7.67,,1310.0,543.0,,,20.0,60.0,3060000.0,"IS_811_1987 (corpus structured/sections.csv, p.20)",PASS,PASS
CLR40X20X10X1.6,40 x 20 x 10 x 1.60,CLR,6,Channels with lips (rectangular),20,40.0,20.0,10.0,1.6,2.4,1.08,138.0,,7.87,31400.0,7730.0,,,,15.1,7.48,,,7.48,,1570.0,637.0,,,20.1,110.0,3470000.0,"IS_811_1987 (corpus structured/sections.csv, p.20)",PASS,PASS
CLR50X25X10X1.25,50 x 25 x 10 x 1.25,CLR,6,Channels with lips (rectangular),20,50.0,25.0,10.0,1.25,1.88,1.07,137.0,,9.24,52300.0,12200.0,,,,19.6,9.46,,,9.46,,2090.0,776.0,,,23.3,70.0,7590000.0,"IS_811_1987 (corpus structured/sections.csv, p.20)",PASS,PASS
CLR50X25X10X1.6,50 x 25 x 10 x 1.60,CLR,6,Channels with lips (rectangular),20,50.0,25.0,10.0,1.6,2.4,1.33,170.0,,9.2,63600.0,14600.0,,,,19.3,9.26,,,9.26,,2540.0,923.0,,,23.3,140.0,8780000.0,"IS_811_1987 (corpus structured/sections.csv, p.20)",PASS,PASS
CLR50X25X15X2,50 x 25 x 15 x 2.00,CLR,6,Channels with lips (rectangular),20,50.0,25.0,15.0,2.0,3.0,1.77,226.0,,10.5,77900.0,20800.0,,,,18.6,9.6,,,9.6,,3120.0,1430.0,,,26.7,290.0,17800000.0,"IS_811_1987 (corpus structured/sections.csv, p.20)",PASS (manual image read),PASS
CLR50X40X10X1.25,50 x 40 x 10 x 1.25,CLR,6,Channels with lips (rectangular),20,50.0,40.0,10.0,1.25,1.88,1.37,174.0,,15.8,74600.0,38100.0,,,,20.7,14.8,,,14.8,,2980.0,1570.0,,,37.8,90.0,23500000.0,"IS_811_1987 (corpus structured/sections.csv, p.20)",PASS,PASS
CLR50X40X10X1.6,50 x 40 x 10 x 1.60,CLR,6,Channels with lips (rectangular),20,50.0,40.0,10.0,1.6,2.4,1.71,218.0,,15.8,91700.0,46200.0,,,,20.5,14.6,,,14.6,,3670.0,1910.0,,,38.0,180.0,28000000.0,"IS_811_1987 (corpus structured/sections.csv, p.20)",PASS,PASS
CLR50X40X15X2,50 x 40 x 15 x 2.00,CLR,6,Channels with lips (rectangular),20,50.0,40.0,15.0,2.0,3.0,2.24,286.0,,17.3,112000.0,64500.0,,,,19.8,15.0,,,15.0,,4500.0,2850.0,,,42.0,370.0,55100000.0,"IS_811_1987 (corpus structured/sections.csv, p.20)",PASS,PASS
CLR50X40X15X3.15,50 x 40 x 15 x 3.15,CLR,6,Channels with lips (rectangular),20,50.0,40.0,15.0,3.15,4.73,3.29,419.0,,17.2,154000.0,86300.0,,,,19.2,14.4,,,14.4,,6160.0,3790.0,,,42.8,1330.0,69700000.0,"IS_811_1987 (corpus structured/sections.csv, p.20)",PASS,PASS
CLR60X30X10X1.6,60 x 30 x 10 x 1.60,CLR,6,Channels with lips (rectangular),20,60.0,30.0,10.0,1.6,2.4,1.59,202.0,,10.5,112000.0,24400.0,,,,23.6,11.0,,,11.0,,3730.0,1250.0,,,26.5,170.0,19400000.0,"IS_811_1987 (corpus structured/sections.csv, p.20)",PASS,PASS
CLR60X30X15X2,60 x 30 x 15 x 2.00,CLR,6,Channels with lips (rectangular),20,60.0,30.0,15.0,2.0,3.0,2.08,266.0,,11.8,139000.0,34800.0,,,,22.9,11.4,,,11.4,,4640.0,1920.0,,,30.0,340.0,36100000.0,"IS_811_1987 (corpus structured/sections.csv, p.20)",PASS,PASS
CLR60X30X20X3.15,60 x 30 x 20 x 3.15,CLR,6,Channels with lips (rectangular),20,60.0,30.0,20.0,3.15,4.73,3.29,419.0,,13.0,194000.0,53400.0,,,,21.5,11.3,,,11.3,,6460.0,3140.0,,,33.5,1330.0,72600000.0,"IS_811_1987 (corpus structured/sections.csv, p.20)",PASS,PASS
CLR60X30X20X4,60 x 30 x 20 x 4.00,CLR,6,Channels with lips (rectangular),20,60.0,30.0,20.0,4.0,6.0,3.94,502.0,,12.9,219000.0,59200.0,,,,20.9,10.9,,,10.9,,7310.0,3470.0,,,34.0,2540.0,76400000.0,"IS_811_1987 (corpus structured/sections.csv, p.20)",PASS,PASS
CLR60X40X15X2,60 x 40 x 15 x 2.00,CLR,6,Channels with lips (rectangular),20,60.0,40.0,15.0,2.0,3.0,2.4,306.0,,16.3,173000.0,69500.0,,,,23.8,15.1,,,15.1,,5760.0,2930.0,,,40.0,400.0,72200000.0,"IS_811_1987 (corpus structured/sections.csv, p.20)",PASS,PASS
CLR60X40X20X3.15,60 x 40 x 20 x 3.15,CLR,6,Channels with lips (rectangular),20,60.0,40.0,20.0,3.15,4.73,3.78,482.0,,17.6,245000.0,108000.0,,,,22.6,15.0,,,15.0,,8160.0,4830.0,,,44.0,1540.0,148000000.0,"IS_811_1987 (corpus structured/sections.csv, p.20)",PASS,PASS
CLR60X40X20X4,60 x 40 x 20 x 4.00,CLR,6,Channels with lips (rectangular),20,60.0,40.0,20.0,4.0,6.0,4.57,582.0,,17.5,282000.0,123000.0,,,,22.0,14.5,,,14.5,,9400.0,5460.0,,,44.6,2960.0,162000000.0,"IS_811_1987 (corpus structured/sections.csv, p.20)",PASS,PASS
CLR70X25X10X1.6,70 x 25 x 10 x 1.60,CLR,6,Channels with lips (rectangular),21,70.0,25.0,10.0,1.6,2.4,1.59,202.0,,7.87,142000.0,16500.0,,,,26.6,,,,19.03,,4070.0,962.0,,,20.5,170.0,16900000.0,"IS_811_1987 (corpus structured/sections.csv, p.21)",FLAG: Ryy printed 1.903 cm is a misprint in the standard (sqrt(Iyy/A) = 0.904 cm),PASS (corpus-flagged misprint blanked: ry_mm)
CLR70X25X15X2,70 x 25 x 15 x 2.00,CLR,6,Channels with lips (rectangular),21,70.0,25.0,15.0,2.0,3.0,2.08,266.0,,9.04,179000.0,23800.0,,,,26.0,,,,19.48,,5120.0,1490.0,,,23.5,340.0,30000000.0,"IS_811_1987 (corpus structured/sections.csv, p.21)",FLAG: Ryy printed 1.948 cm is a misprint in the standard (sqrt(Iyy/A) = 0.946 cm),PASS (corpus-flagged misprint blanked: ry_mm)
CLR70X30X15X2,70 x 30 x 15 x 2.00,CLR,6,Channels with lips (rectangular),21,70.0,30.0,15.0,2.0,3.0,2.24,286.0,,11.1,202000.0,37000.0,,,,26.6,11.4,,,11.4,,5780.0,1950.0,,,28.4,370.0,46600000.0,"IS_811_1987 (corpus structured/sections.csv, p.21)",PASS,PASS
CLR70X30X20X3.15,70 x 30 x 20 x 3.15,CLR,6,Channels with lips (rectangular),21,70.0,30.0,20.0,3.15,4.73,3.53,450.0,,12.2,287000.0,57300.0,,,,25.3,11.3,,,11.3,,8210.0,3210.0,,,31.7,1440.0,88300000.0,"IS_811_1987 (corpus structured/sections.csv, p.21)",PASS (manual image read),PASS
CLR70X40X15X2,70 x 40 x 15 x 2.00,CLR,6,Channels with lips (rectangular),21,70.0,40.0,15.0,2.0,3.0,2.56,326.0,,15.3,249000.0,73900.0,,,,27.6,15.1,,,15.1,,7100.0,2990.0,,,38.2,430.0,93200000.0,"IS_811_1987 (corpus structured/sections.csv, p.21)",PASS,PASS
CLR70X40X20X3.15,70 x 40 x 20 x 3.15,CLR,6,Channels with lips (rectangular),21,70.0,40.0,20.0,3.15,4.73,4.03,513.0,,16.6,358000.0,116000.0,,,,26.4,15.0,,,15.0,,10200.0,4950.0,,,42.0,1640.0,181000000.0,"IS_811_1987 (corpus structured/sections.csv, p.21)",PASS,PASS
CLR70X40X25X4,70 x 40 x 25 x 4.00,CLR,6,Channels with lips (rectangular),21,70.0,40.0,25.0,4.0,6.0,5.2,662.0,,17.8,422000.0,149000.0,,,,25.2,15.0,,,15.0,,12100.0,6730.0,,,45.5,3390.0,303000000.0,"IS_811_1987 (corpus structured/sections.csv, p.21)",PASS,PASS
CLR80X40X10X1.6,80 x 40 x 10 x 1.60,CLR,6,Channels with lips (rectangular),21,80.0,40.0,10.0,1.6,2.4,2.09,266.0,,13.1,270000.0,55100.0,,,,31.9,14.4,,,14.4,,6760.0,2040.0,,,32.8,220.0,70600000.0,"IS_811_1987 (corpus structured/sections.csv, p.21)",PASS,PASS
CLR80X40X20X3.15,80 x 40 x 20 x 3.15,CLR,6,Channels with lips (rectangular),21,80.0,40.0,20.0,3.15,4.73,4.28,545.0,,15.7,497000.0,122000.0,,,,30.2,15.0,,,15.0,,12400.0,5050.0,,,40.2,1750.0,221000000.0,"IS_811_1987 (corpus structured/sections.csv, p.21)",PASS,PASS
CLR80X40X25X4,80 x 40 x 25 x 4.00,CLR,6,Channels with lips (rectangular),21,80.0,40.0,25.0,4.0,6.0,5.51,702.0,,16.9,593000.0,159000.0,,,,29.1,15.0,,,15.0,,14800.0,6880.0,,,43.6,3600.0,354000000.0,"IS_811_1987 (corpus structured/sections.csv, p.21)",PASS,PASS
CLR80X50X10X1.6,80 x 50 x 10 x 1.60,CLR,6,Channels with lips (rectangular),21,80.0,50.0,10.0,1.6,2.4,2.34,298.0,,17.2,320000.0,95900.0,,,,32.8,17.9,,,17.9,,7990.0,2920.0,,,42.1,250.0,123000000.0,"IS_811_1987 (corpus structured/sections.csv, p.21)",PASS,PASS
CLR80X50X15X2,80 x 50 x 15 x 2.00,CLR,6,Channels with lips (rectangular),21,80.0,50.0,15.0,2.0,3.0,3.03,386.0,,18.8,401000.0,133000.0,,,,32.3,18.6,,,18.6,,10000.0,4210.0,,,46.1,500.0,203000000.0,"IS_811_1987 (corpus structured/sections.csv, p.21)",PASS,PASS
CLR80X50X20X3.15,80 x 50 x 20 x 3.15,CLR,6,Channels with lips (rectangular),21,80.0,50.0,20.0,3.15,4.73,4.77,608.0,,20.1,590000.0,211000.0,,,,31.2,18.6,,,18.6,,14700.0,7070.0,,,50.2,1960.0,382000000.0,"IS_811_1987 (corpus structured/sections.csv, p.21)",PASS,PASS
CLR80X50X25X4,80 x 50 x 25 x 4.00,CLR,6,Channels with lips (rectangular),21,80.0,50.0,25.0,4.0,6.0,6.14,782.0,,21.5,708000.0,274000.0,,,,30.1,18.7,,,18.7,,17700.0,9610.0,,,54.0,4030.0,616000000.0,"IS_811_1987 (corpus structured/sections.csv, p.21)",PASS,PASS
CLR90X40X10X1.6,90 x 40 x 10 x 1.60,CLR,6,Channels with lips (rectangular),21,90.0,40.0,10.0,1.6,2.4,2.21,282.0,,12.4,356000.0,57400.0,,,,35.5,14.3,,,14.3,,7900.0,2070.0,,,31.5,240.0,90800000.0,"IS_811_1987 (corpus structured/sections.csv, p.21)",PASS,PASS
CLR90X40X15X2,90 x 40 x 15 x 2.00,CLR,6,Channels with lips (rectangular),21,90.0,40.0,15.0,2.0,3.0,2.87,365.0,,13.8,450000.0,81200.0,,,,35.1,14.9,,,14.9,,9990.0,3090.0,,,35.0,480.0,148000000.0,"IS_811_1987 (corpus structured/sections.csv, p.21)",PASS,PASS
CLR90X40X20X3.15,90 x 40 x 20 x 3.15,CLR,6,Channels with lips (rectangular),21,90.0,40.0,20.0,3.15,4.73,4.52,576.0,,15.0,663000.0,128000.0,,,,33.9,14.9,,,14.9,,14720.0,5130.0,,,38.5,1850.0,267000000.0,"IS_811_1987 (corpus structured/sections.csv, p.21)",PASS,PASS
CLR90X50X10X1.6,90 x 50 x 10 x 1.60,CLR,6,Channels with lips (rectangular),21,90.0,50.0,10.0,1.6,2.4,2.46,314.0,,16.4,418000.0,100000.0,,,,36.5,17.8,,,17.8,,9290.0,2910.0,,,40.6,260.0,158000000.0,"IS_811_1987 (corpus structured/sections.csv, p.21)",PASS,PASS
CLR90X50X15X2,90 x 50 x 15 x 2.00,CLR,6,Channels with lips (rectangular),21,90.0,50.0,15.0,2.0,3.0,3.18,406.0,,17.9,527000.0,139000.0,,,,36.0,18.5,,,18.5,,11700.0,4340.0,,,44.4,530.0,253000000.0,"IS_811_1987 (corpus structured/sections.csv, p.21)",PASS,PASS
CLR90X50X20X3.15,90 x 50 x 20 x 3.15,CLR,6,Channels with lips (rectangular),21,90.0,50.0,20.0,3.15,4.73,5.02,639.0,,19.2,781000.0,221000.0,,,,35.0,18.6,,,18.6,,17400.0,7200.0,,,48.4,2060.0,463000000.0,"IS_811_1987 (corpus structured/sections.csv, p.21)",PASS,PASS
CLR100X40X10X1.6,100 x 40 x 10 x 1.60,CLR,6,Channels with lips (rectangular),21,100.0,40.0,10.0,1.6,2.4,2.34,298.0,,11.8,455000.0,59400.0,,,,39.1,14.1,,,14.1,,9090.0,2100.0,,,30.2,250.0,114000000.0,"IS_811_1987 (corpus structured/sections.csv, p.21)",PASS,PASS
CLR100X40X15X2,100 x 40 x 15 x 2.00,CLR,6,Channels with lips (rectangular),21,100.0,40.0,15.0,2.0,3.0,3.03,386.0,,13.1,577000.0,84300.0,,,,38.7,14.8,,,14.8,,11500.0,3130.0,,,33.6,500.0,182000000.0,"IS_811_1987 (corpus structured/sections.csv, p.21)",PASS,PASS
CLR100X40X25X3.15,100 x 40 x 25 x 3.15,CLR,6,Channels with lips (rectangular),21,100.0,40.0,25.0,3.15,4.73,5.02,639.0,,15.5,881000.0,151000.0,,,,37.1,15.4,,,15.4,,17600.0,6170.0,,,39.9,2060.0,438000000.0,"IS_811_1987 (corpus structured/sections.csv, p.21)",PASS,PASS
CLR100X50X15X2,100 x 50 x 15 x 2.00,CLR,6,Channels with lips (rectangular),21,100.0,50.0,15.0,2.0,3.0,3.34,426.0,,17.1,673000.0,145000.0,,,,39.8,18.4,,,18.4,,13500.0,4400.0,,,42.9,560.0,312000000.0,"IS_811_1987 (corpus structured/sections.csv, p.21)",PASS,PASS
CLR100X50X20X3.15,100 x 50 x 20 x 3.15,CLR,6,Channels with lips (rectangular),21,100.0,50.0,20.0,3.15,4.73,5.26,671.0,,18.4,1010000.0,231000.0,,,,38.7,18.6,,,18.6,,20100.0,7300.0,,,46.6,2160.0,557000000.0,"IS_811_1987 (corpus structured/sections.csv, p.21)",PASS (manual image read),PASS
CLR100X50X25X4,100 x 50 x 25 x 4.00,CLR,6,Channels with lips (rectangular),21,100.0,50.0,25.0,4.0,6.0,6.77,862.0,,19.7,1230000.0,302000.0,,,,37.7,18.7,,,18.7,,24500.0,9950.0,,,50.2,4460.0,847000000.0,"IS_811_1987 (corpus structured/sections.csv, p.21)",PASS,PASS
CLR100X25X25X4,100 x 25 x 25 x 4.00,CLR,6,Channels with lips (rectangular),21,100.0,25.0,25.0,4.0,6.0,5.2,662.0,,9.33,765000.0,54300.0,,,,34.0,9.05,,,9.05,,15300.0,3460.0,,,24.6,3390.0,144000000.0,"IS_811_1987 (corpus structured/sections.csv, p.21)",PASS,PASS
CLR100X60X15X2,100 x 60 x 15 x 2.00,CLR,6,Channels with lips (rectangular),21,100.0,60.0,15.0,2.0,3.0,3.66,466.0,,21.3,769000.0,226000.0,,,,40.6,22.0,,,22.0,,15400.0,5840.0,,,52.3,610.0,485000000.0,"IS_811_1987 (corpus structured/sections.csv, p.21)",PASS,PASS
CLR100X60X20X3.15,100 x 60 x 20 x 3.15,CLR,6,Channels with lips (rectangular),21,100.0,60.0,20.0,3.15,4.73,5.76,734.0,,22.7,1150000.0,361000.0,,,,39.6,22.3,,,22.3,,23100.0,9660.0,,,56.4,2370.0,872000000.0,"IS_811_1987 (corpus structured/sections.csv, p.21)",PASS,PASS
CLR100X60X25X4,100 x 60 x 25 x 4.00,CLR,6,Channels with lips (rectangular),21,100.0,60.0,25.0,4.0,6.0,7.4,942.0,,24.1,1410000.0,471000.0,,,,38.7,22.4,,,22.4,,28200.0,13100.0,,,60.3,4880.0,1330000000.0,"IS_811_1987 (corpus structured/sections.csv, p.21)",PASS,PASS
CLR100X60X25X5,100 x 60 x 25 x 5.00,CLR,6,Channels with lips (rectangular),21,100.0,60.0,25.0,5.0,7.5,8.91,1130.0,,23.9,1640000.0,539000.0,,,,38.0,21.8,,,21.8,,32900.0,15000.0,,,60.7,9120.0,1460000000.0,"IS_811_1987 (corpus structured/sections.csv, p.21)",PASS,PASS
CLR120X50X15X2,120 x 50 x 15 x 2.00,CLR,6,Channels with lips (rectangular),21,120.0,50.0,15.0,2.0,3.0,3.66,467.0,,15.7,1030000.0,154000.0,,,,47.0,18.2,,,18.2,,17200.0,4500.0,,,40.4,610.0,453000000.0,"IS_811_1987 (corpus structured/sections.csv, p.21)",PASS,PASS
CLR120X50X25X4,120 x 50 x 25 x 4.00,CLR,6,Channels with lips (rectangular),21,120.0,50.0,25.0,4.0,6.0,7.4,942.0,,18.2,1920000.0,325000.0,,,,45.1,18.6,,,18.6,,31900.0,10200.0,,,46.9,4880.0,1150000000.0,"IS_811_1987 (corpus structured/sections.csv, p.21)",PASS,PASS
CLR120X50X25X5,120 x 50 x 25 x 5.00,CLR,6,Channels with lips (rectangular),21,120.0,50.0,25.0,5.0,7.5,8.91,1130.0,,18.1,2230000.0,368000.0,,,,44.3,18.0,,,18.0,,37200.0,11500.0,,,47.1,9120.0,1240000000.0,"IS_811_1987 (corpus structured/sections.csv, p.21)",PASS,PASS
CLR120X60X20X3.15,120 x 60 x 20 x 3.15,CLR,6,Channels with lips (rectangular),21,120.0,60.0,20.0,3.15,4.73,6.25,797.0,,21.0,1770000.0,386000.0,,,,47.1,22.0,,,22.0,,29500.0,9910.0,,,53.0,2580.0,1230000000.0,"IS_811_1987 (corpus structured/sections.csv, p.21)",PASS,PASS
CLR120X60X25X5,120 x 60 x 25 x 5.00,CLR,6,Channels with lips (rectangular),21,120.0,60.0,25.0,5.0,7.5,9.69,1240.0,,22.2,2560000.0,582000.0,,,,45.5,21.7,,,21.7,,42700.0,15400.0,,,57.0,9950.0,1990000000.0,"IS_811_1987 (corpus structured/sections.csv, p.21)",PASS,PASS
CLR140X60X20X3.15,140 x 60 x 20 x 3.15,CLR,6,Channels with lips (rectangular),21,140.0,60.0,20.0,3.15,4.73,6.75,860.0,,19.6,2550000.0,408000.0,,,,54.4,21.8,,,21.8,,36400.0,10100.0,,,51.0,2790.0,1670000000.0,"IS_811_1987 (corpus structured/sections.csv, p.21)",PASS,PASS
CLR140X60X25X4,140 x 60 x 25 x 4.00,CLR,6,Channels with lips (rectangular),21,140.0,60.0,25.0,4.0,6.0,8.65,1100.0,,20.9,3160000.0,538000.0,,,,53.6,22.1,,,22.1,,45200.0,13700.0,,,53.5,5740.0,2390000000.0,"IS_811_1987 (corpus structured/sections.csv, p.21)",PASS,PASS
CLR70X25X20X3.15,70 x 25 x 20 x 3.15,CLR,6,Channels with lips (rectangular),21,70.0,25.0,20.0,3.15,4.73,3.29,419.0,,10.0,252000.0,36500.0,,,,24.6,9.34,,,9.34,,7210.0,2440.0,,,26.4,1330.0,55400000.0,"IS_811_1987 (corpus structured/sections.csv, p.21)",PASS,PASS
CLR120X50X20X3.15,120 x 50 x 20 x 3.15,CLR,6,Channels with lips (rectangular),21,120.0,50.0,20.0,3.15,4.73,5.76,734.0,,17.0,1550000.0,247000.0,,,,46.0,18.4,,,18.4,,25900.0,7480.0,,,43.6,2370.0,786000000.0,"IS_811_1987 (corpus structured/sections.csv, p.21)",PASS,PASS
CLR120X60X25X4,120 x 60 x 25 x 4.00,CLR,6,Channels with lips (rectangular),21,120.0,60.0,25.0,4.0,6.0,8.02,1020.0,,22.3,2160000.0,507000.0,,,,46.2,22.3,,,22.3,,36400.0,13500.0,,,56.7,5310.0,1800000000.0,"IS_811_1987 (corpus structured/sections.csv, p.21)",PASS,PASS
CLR140X60X25X5,140 x 60 x 25 x 5.00,CLR,6,Channels with lips (rectangular),22,140.0,60.0,25.0,5.0,7.5,10.6,1330.0,,20.7,3730000.0,618000.0,,,,52.8,21.5,,,21.5,,53200.0,15700.0,,,53.4,10800.0,2640000000.0,"IS_811_1987 (corpus structured/sections.csv, p.22)",PASS,PASS
CLR150X50X20X3.15,150 x 50 x 20 x 3.15,CLR,6,Channels with lips (rectangular),22,150.0,50.0,20.0,3.15,4.73,6.5,828.0,,15.2,2660000.0,267000.0,,,,56.6,18.0,,,18.0,,35400.0,7670.0,,,39.7,2680.0,1240000000.0,"IS_811_1987 (corpus structured/sections.csv, p.22)",PASS,PASS
CLR150X50X25X4,150 x 50 x 25 x 4.00,CLR,6,Channels with lips (rectangular),22,150.0,50.0,25.0,4.0,6.0,8.34,1060.0,,16.3,3310000.0,353000.0,,,,55.8,18.2,,,18.2,,44100.0,10500.0,,,42.7,5520.0,1750000000.0,"IS_811_1987 (corpus structured/sections.csv, p.22)",PASS,PASS
CLR150X50X25X5,150 x 50 x 25 x 5.00,CLR,6,Channels with lips (rectangular),22,150.0,50.0,25.0,5.0,7.5,10.2,1280.0,,16.2,3880000.0,401000.0,,,,55.0,17.7,,,17.7,,51800.0,11900.0,,,42.7,10400.0,1900000000.0,"IS_811_1987 (corpus structured/sections.csv, p.22)",PASS,PASS
CLR180X50X20X3.15,180 x 50 x 20 x 3.15,CLR,6,Channels with lips (rectangular),22,180.0,50.0,20.0,3.15,4.73,7.24,923.0,,13.8,4130000.0,283000.0,,,,66.9,17.5,,,17.5,,45900.0,7820.0,,,36.6,,1840000000.0,"IS_811_1987 (corpus structured/sections.csv, p.22)",FLAG: J printed 0.38 cm4 inconsistent with neighbours/geometry (~0.29-0.30 cm4) — probable misprint,PASS (corpus-flagged misprint blanked: J_mm4)
CLR180X50X25X4,180 x 50 x 25 x 4.00,CLR,6,Channels with lips (rectangular),22,180.0,50.0,25.0,4.0,6.0,9.28,1180.0,,14.9,5180000.0,375000.0,,,,66.2,17.8,,,17.8,,57600.0,10700.0,,,39.3,6160.0,2540000000.0,"IS_811_1987 (corpus structured/sections.csv, p.22)",PASS,PASS
CLR180X50X25X5,180 x 50 x 25 x 5.00,CLR,6,Channels with lips (rectangular),22,180.0,50.0,25.0,5.0,7.5,11.3,1430.0,,14.8,6110000.0,426000.0,,,,65.3,17.2,,,17.2,,67900.0,12100.0,,,39.2,11600.0,2790000000.0,"IS_811_1987 (corpus structured/sections.csv, p.22)",PASS,PASS
CLR180X80X20X3.15,180 x 80 x 20 x 3.15,CLR,6,Channels with lips (rectangular),22,180.0,80.0,20.0,3.15,4.73,8.73,1110.0,,24.8,5610000.0,907000.0,,,,71.0,28.6,,,28.6,,62400.0,16400.0,,,62.9,3620.0,5790000000.0,"IS_811_1987 (corpus structured/sections.csv, p.22)",PASS,PASS
CLR180X80X25X4,180 x 80 x 25 x 4.00,CLR,6,Channels with lips (rectangular),22,180.0,80.0,25.0,4.0,6.0,11.2,1420.0,,26.1,7040000.0,1194000.0,,,,70.4,28.9,,,28.9,,78200.0,22200.0,,,66.5,7440.0,7990000000.0,"IS_811_1987 (corpus structured/sections.csv, p.22)",PASS,PASS
CLR180X80X25X5,180 x 80 x 25 x 5.00,CLR,6,Channels with lips (rectangular),22,180.0,80.0,25.0,5.0,7.5,13.6,1730.0,,26.0,8410000.0,1394000.0,,,,69.6,28.4,,,28.4,,93400.0,25800.0,,,66.6,14100.0,9090000000.0,"IS_811_1987 (corpus structured/sections.csv, p.22)",PASS,PASS
CLR200X50X20X3.15,200 x 50 x 20 x 3.15,CLR,6,Channels with lips (rectangular),22,200.0,50.0,20.0,3.15,4.73,7.74,986.0,,13.0,5350000.0,292000.0,,,,73.6,17.2,,,17.2,,53500.0,7890.0,,,34.8,3210.0,2320000000.0,"IS_811_1987 (corpus structured/sections.csv, p.22)",PASS (manual image read),PASS
CLR200X50X25X4,200 x 50 x 25 x 4.00,CLR,6,Channels with lips (rectangular),22,200.0,50.0,25.0,4.0,6.0,9.91,1260.0,,14.1,6720000.0,388000.0,,,,73.0,17.5,,,17.5,,67200.0,10800.0,,,37.4,6590.0,3190000000.0,"IS_811_1987 (corpus structured/sections.csv, p.22)",PASS,PASS
CLR200X80X25X4,200 x 80 x 25 x 4.00,CLR,6,Channels with lips (rectangular),22,200.0,80.0,25.0,4.0,6.0,11.8,1500.0,,24.8,9030000.0,1240000.0,,,,77.5,28.7,,,28.7,,90300.0,22400.0,,,63.9,7870.0,,"IS_811_1987 (corpus structured/sections.csv, p.22)",FLAG: Cw printed 997 cm6 — misprint in the standard (geometry ~9 980 cm6; 200x80x20x3.15 prints 7 230),PASS (corpus-flagged misprint blanked: Cw_mm6)
CLR200X80X25X5,200 x 80 x 25 x 5.00,CLR,6,Channels with lips (rectangular),22,200.0,80.0,25.0,5.0,7.5,14.4,1830.0,,24.7,10800000.0,1450000.0,,,,76.7,28.1,,,28.1,,108000.0,26000.0,,,63.8,14900.0,,"IS_811_1987 (corpus structured/sections.csv, p.22)",FLAG: Cw printed 1190 cm6 — misprint in the standard (geometry ~11 470 cm6),PASS (corpus-flagged misprint blanked: Cw_mm6)
CLR250X50X20X3.15,250 x 50 x 20 x 3.15,CLR,6,Channels with lips (rectangular),22,250.0,50.0,20.0,3.15,4.73,8.97,1140.0,,11.4,9270000.0,310000.0,,,,90.0,16.5,,,16.5,,74100.0,8030.0,,,31.0,3730.0,3850000000.0,"IS_811_1987 (corpus structured/sections.csv, p.22)",PASS,PASS
CLR250X50X25X4,250 x 50 x 25 x 4.00,CLR,6,Channels with lips (rectangular),22,250.0,50.0,25.0,4.0,6.0,11.5,1460.0,,12.4,11700000.0,413000.0,,,,89.5,16.8,,,16.8,,93700.0,11000.0,,,33.3,7660.0,5230000000.0,"IS_811_1987 (corpus structured/sections.csv, p.22)",PASS,PASS
CLR250X50X25X5,250 x 50 x 25 x 5.00,CLR,6,Channels with lips (rectangular),22,250.0,50.0,25.0,5.0,7.5,14.0,1780.0,,12.4,13900000.0,470000.0,,,,88.4,16.2,,,16.2,,112000.0,12000.0,,,33.0,14500.0,5830000000.0,"IS_811_1987 (corpus structured/sections.csv, p.22)",PASS,PASS
CLR250X80X20X3.15,250 x 80 x 20 x 3.15,CLR,6,Channels with lips (rectangular),22,250.0,80.0,20.0,3.15,4.73,10.5,1330.0,,20.9,12100000.0,1010000.0,,,,95.5,27.5,,,27.5,,97200.0,17000.0,,,55.1,4350.0,11900000000.0,"IS_811_1987 (corpus structured/sections.csv, p.22)",PASS,PASS
CLR250X80X25X4,250 x 80 x 25 x 4.00,CLR,6,Channels with lips (rectangular),22,250.0,80.0,25.0,4.0,6.0,13.4,1700.0,,22.1,15300000.0,1330000.0,,,,94.9,28.0,,,28.0,,123000.0,23000.0,,,58.2,8940.0,16200000000.0,"IS_811_1987 (corpus structured/sections.csv, p.22)",PASS,PASS
CLR250X80X25X5,250 x 80 x 25 x 5.00,CLR,6,Channels with lips (rectangular),22,250.0,80.0,25.0,5.0,7.5,16.4,2080.0,,22.0,18400000.0,1560000.0,,,,94.1,27.3,,,27.3,,148000.0,26800.0,,,58.0,17000.0,18600000000.0,"IS_811_1987 (corpus structured/sections.csv, p.22)",PASS,PASS
CLR200X50X25X5,200 x 50 x 25 x 5.00,CLR,6,Channels with lips (rectangular),22,200.0,50.0,25.0,5.0,7.5,12.0,1530.0,,14.0,7950000.0,441000.0,,,,72.0,16.9,,,16.9,,79500.0,12200.0,,,37.2,12400.0,3510000000.0,"IS_811_1987 (corpus structured/sections.csv, p.22)",PASS (manual image read),PASS
CLR200X80X20X3.15,200 x 80 x 20 x 3.15,CLR,6,Channels with lips (rectangular),22,200.0,80.0,20.0,3.15,4.73,9.22,1170.0,,23.5,7180000.0,939000.0,,,,78.2,28.3,,,28.3,,71800.0,16600.0,,,60.4,3830.0,7230000000.0,"IS_811_1987 (corpus structured/sections.csv, p.22)",PASS,PASS
HS30X30X10X1.6,30 x 30 x 10 x 1.60,HS,7,Hat sections - square,23,30.0,30.0,10.0,1.6,2.4,,154.0,,13.5,18500.0,29600.0,,,,11.0,13.9,,,11.0,,1120.0,1270.0,,,27.5,130.0,1670000.0,"IS_811_1987 (corpus structured/sections.csv, p.23)",FLAG: mass printed 1.26 kg/m inconsistent with A 1.54 cm2 (0.785A = 1.21; Table 5 prints 1.21 for the same strip) — misprint in the standard,PASS (corpus-flagged misprint blanked: Mass_kg_m)
HS35X35X10X1.25,35 x 35 x 10 x 1.25,HS,7,Hat sections - square,23,35.0,35.0,10.0,1.25,1.88,1.12,143.0,,15.3,24000.0,37100.0,,,,13.0,16.1,,,13.0,,1220.0,1410.0,,,31.9,70.0,3260000.0,"IS_811_1987 (corpus structured/sections.csv, p.23)",PASS,PASS
HS35X35X10X1.6,35 x 35 x 10 x 1.60,HS,7,Hat sections - square,23,35.0,35.0,10.0,1.6,2.4,1.4,178.0,,15.2,28800.0,45000.0,,,,12.7,16.0,,,12.7,,1460.0,1740.0,,,32.1,150.0,3740000.0,"IS_811_1987 (corpus structured/sections.csv, p.23)",PASS,PASS
HS40X40X10X1.25,40 x 40 x 10 x 1.25,HS,7,Hat sections - square,23,40.0,40.0,10.0,1.25,1.88,1.27,162.0,,17.0,35000.0,53500.0,,,,14.7,18.2,,,14.7,,1520.0,1860.0,,,36.3,80.0,6550000.0,"IS_811_1987 (corpus structured/sections.csv, p.23)",PASS,PASS
HS40X40X10X1.6,40 x 40 x 10 x 1.60,HS,7,Hat sections - square,23,40.0,40.0,10.0,1.6,2.4,1.59,202.0,,17.0,42400.0,65400.0,,,,14.5,18.0,,,14.5,,1840.0,2300.0,,,36.5,170.0,7650000.0,"IS_811_1987 (corpus structured/sections.csv, p.23)",PASS,PASS
HS40X40X15X2,40 x 40 x 15 x 2.00,HS,7,Hat sections - square,23,40.0,40.0,15.0,2.0,3.0,2.08,266.0,,18.6,58700.0,96200.0,,,,14.9,19.0,,,14.9,,2740.0,2910.0,,,36.3,340.0,9740000.0,"IS_811_1987 (corpus structured/sections.csv, p.23)",PASS,PASS
HS40X40X20X3.15,40 x 40 x 20 x 3.15,HS,7,Hat sections - square,23,40.0,40.0,20.0,3.15,4.73,3.29,419.0,,20.0,89500.0,168000.0,,,,14.6,20.1,,,14.6,,4480.0,4570.0,,,34.8,1330.0,15900000.0,"IS_811_1987 (corpus structured/sections.csv, p.23)",PASS,PASS
HS50X50X10X1.6,50 x 50 x 10 x 1.60,HS,7,Hat sections - square,23,50.0,50.0,10.0,1.6,2.4,1.96,250.0,,20.4,80500.0,124000.0,,,,18.0,22.2,,,18.0,,2720.0,3700.0,,,44.9,210.0,25300000.0,"IS_811_1987 (corpus structured/sections.csv, p.23)",PASS,PASS
HS50X50X15X2,50 x 50 x 15 x 2.00,HS,7,Hat sections - square,23,50.0,50.0,15.0,2.0,3.0,2.56,326.0,,22.0,111000.0,173000.0,,,,18.5,23.1,,,18.5,,3970.0,4560.0,,,45.7,420.0,29900000.0,"IS_811_1987 (corpus structured/sections.csv, p.23)",PASS,PASS
HS50X50X20X3.15,50 x 50 x 20 x 3.15,HS,7,Hat sections - square,23,50.0,50.0,20.0,3.15,4.73,4.03,513.0,,23.6,172000.0,291000.0,,,,18.3,23.8,,,18.3,,6520.0,6950.0,,,45.2,1640.0,42800000.0,"IS_811_1987 (corpus structured/sections.csv, p.23)",PASS,PASS
HS60X60X10X1.6,60 x 60 x 10 x 1.60,HS,7,Hat sections - square,23,60.0,60.0,10.0,1.6,2.4,2.34,298.0,,23.7,136000.0,210000.0,,,,21.4,26.5,,,21.4,,3750.0,5460.0,,,53.0,250.0,66400000.0,"IS_811_1987 (corpus structured/sections.csv, p.23)",PASS,PASS
HS60X60X15X2,60 x 60 x 15 x 2.00,HS,7,Hat sections - square,23,60.0,60.0,15.0,2.0,3.0,3.03,386.0,,25.5,186000.0,286000.0,,,,22.0,27.2,,,22.0,,5400.0,6640.0,,,54.5,500.0,77900000.0,"IS_811_1987 (corpus structured/sections.csv, p.23)",PASS,PASS
HS60X60X20X3.15,60 x 60 x 20 x 3.15,HS,7,Hat sections - square,23,60.0,60.0,20.0,3.15,4.73,4.77,608.0,,27.0,293000.0,469000.0,,,,22.0,27.8,,,22.0,,8880.0,10000.0,,,55.0,1960.0,106000000.0,"IS_811_1987 (corpus structured/sections.csv, p.23)",PASS,PASS
HS60X60X25X4,60 x 60 x 25 x 4.00,HS,7,Hat sections - square,23,60.0,60.0,25.0,4.0,6.0,6.14,782.0,,28.6,377000.0,647000.0,,,,22.0,28.8,,,22.0,,12000.0,12700.0,,,54.1,4030.0,135000000.0,"IS_811_1987 (corpus structured/sections.csv, p.23)",PASS,PASS
HS80X80X15X2,80 x 80 x 15 x 2.00,HS,7,Hat sections - square,23,80.0,80.0,15.0,2.0,3.0,3.97,506.0,,32.3,423000.0,645000.0,,,,28.9,35.7,,,28.9,,8860.0,12200.0,,,71.2,660.0,356000000.0,"IS_811_1987 (corpus structured/sections.csv, p.23)",PASS,PASS
HS80X80X20X3.15,80 x 80 x 20 x 3.15,HS,7,Hat sections - square,23,80.0,80.0,20.0,3.15,4.73,6.25,797.0,,33.9,670000.0,1030000.0,,,,29.0,36.0,,,29.0,,14500.0,18200.0,,,73.0,2580.0,485000000.0,"IS_811_1987 (corpus structured/sections.csv, p.23)",PASS,PASS
HS80X80X25X4,80 x 80 x 25 x 4.00,HS,7,Hat sections - square,23,80.0,80.0,25.0,4.0,6.0,8.02,1020.0,,35.5,870000.0,1380000.0,,,,29.2,36.7,,,29.2,,19600.0,22600.0,,,73.4,5310.0,569000000.0,"IS_811_1987 (corpus structured/sections.csv, p.23)",PASS,PASS
HS80X80X30X5,80 x 80 x 30 x 5.00,HS,7,Hat sections - square,23,80.0,80.0,30.0,5.0,7.5,10.1,1280.0,,37.1,1090000.0,1810000.0,,,,29.2,37.5,,,29.2,,25400.0,27800.0,,,73.0,10400.0,677000000.0,"IS_811_1987 (corpus structured/sections.csv, p.23)",PASS,PASS
HS100X100X15X2,100 x 100 x 15 x 2.00,HS,7,Hat sections - square,23,100.0,100.0,15.0,2.0,3.0,4.91,626.0,,39.0,799000.0,1230000.0,,,,35.8,44.4,,,35.8,,13100.0,19500.0,,,87.4,820.0,1140000000.0,"IS_811_1987 (corpus structured/sections.csv, p.23)",PASS,PASS
HS100X100X20X3.15,100 x 100 x 20 x 3.15,HS,7,Hat sections - square,23,100.0,100.0,20.0,3.15,4.73,7.74,986.0,,40.7,1270000.0,1950000.0,,,,35.9,44.5,,,35.9,,21500.0,29200.0,,,89.8,3200.0,1600000000.0,"IS_811_1987 (corpus structured/sections.csv, p.23)",PASS,PASS
HS100X100X25X4,100 x 100 x 25 x 4.00,HS,7,Hat sections - square,23,100.0,100.0,25.0,4.0,6.0,9.91,1260.0,,42.4,1660000.0,2550000.0,,,,36.2,45.0,,,36.2,,28700.0,36000.0,,,91.2,6590.0,1970000000.0,"IS_811_1987 (corpus structured/sections.csv, p.23)",PASS,PASS
HS100X100X30X5,100 x 100 x 30 x 5.00,HS,7,Hat sections - square,23,100.0,100.0,30.0,5.0,7.5,12.4,1580.0,,44.0,2090000.0,3290000.0,,,,36.3,45.6,,,36.3,,37300.0,43900.0,,,91.8,12900.0,2150000000.0,"IS_811_1987 (corpus structured/sections.csv, p.23)",PASS,PASS
HS100X100X30X6,100 x 100 x 30 x 6.00,HS,7,Hat sections - square,23,100.0,100.0,30.0,6.0,9.0,14.5,1850.0,,43.9,2360000.0,3750000.0,,,,35.7,45.0,,,35.7,,42000.0,50700.0,,,92.3,21500.0,2300000000.0,"IS_811_1987 (corpus structured/sections.csv, p.23)",PASS,PASS
HS30X30X10X1.25,30 x 30 x 10 x 1.25,HS,7,Hat sections - square,23,30.0,30.0,10.0,1.25,1.88,0.974,124.0,,13.6,15500.0,24500.0,,,,11.2,14.1,,,11.2,,941.0,1030.0,,,27.3,60.0,1480000.0,"IS_811_1987 (corpus structured/sections.csv, p.23)",PASS,PASS
HRH50X40X20X3.15,50 x 40 x 20 x 3.15,HRH,8,Hat sections - rectangular h > b,24,50.0,40.0,20.0,3.15,4.73,3.78,482.0,,25.0,156000.0,190000.0,,,,18.0,19.9,,,18.0,,6250.0,5150.0,,,41.8,1540.0,30700000.0,"IS_811_1987 (corpus structured/sections.csv, p.24)",PASS (manual image read),PASS
HRH60X40X15X2,60 x 40 x 15 x 2.00,HRH,8,Hat sections - rectangular h > b,24,60.0,40.0,15.0,2.0,3.0,2.71,346.0,,28.3,160000.0,125000.0,,,,21.5,19.0,,,19.0,,5040.0,3790.0,,,49.3,450.0,31200000.0,"IS_811_1987 (corpus structured/sections.csv, p.24)",PASS,PASS
HRH60X40X20X3.15,60 x 40 x 20 x 3.15,HRH,8,Hat sections - rectangular h > b,24,60.0,40.0,20.0,3.15,4.73,4.28,545.0,,30.0,247000.0,211000.0,,,,21.3,19.7,,,19.7,,8230.0,5740.0,,,48.5,1750.0,52100000.0,"IS_811_1987 (corpus structured/sections.csv, p.24)",PASS,PASS
HRH60X50X15X2,60 x 50 x 15 x 2.00,HRH,8,Hat sections - rectangular h > b,24,60.0,50.0,15.0,2.0,3.0,2.87,366.0,,26.8,174000.0,196000.0,,,,21.8,23.2,,,21.8,,5240.0,5160.0,,,52.1,480.0,50300000.0,"IS_811_1987 (corpus structured/sections.csv, p.24)",PASS,PASS
HRH60X50X20X3.15,60 x 50 x 20 x 3.15,HRH,8,Hat sections - rectangular h > b,24,60.0,50.0,20.0,3.15,4.73,4.52,576.0,,28.4,271000.0,326000.0,,,,21.7,23.8,,,21.7,,8590.0,7780.0,,,52.1,1850.0,73100000.0,"IS_811_1987 (corpus structured/sections.csv, p.24)",PASS,PASS
HRH60X50X25X4,60 x 50 x 25 x 4.00,HRH,8,Hat sections - rectangular h > b,24,60.0,50.0,25.0,4.0,6.0,5.83,742.0,,30.0,348000.0,458000.0,,,,21.6,24.8,,,21.6,,11600.0,9950.0,,,50.6,3820.0,104000000.0,"IS_811_1987 (corpus structured/sections.csv, p.24)",PASS,PASS
HRH80X40X15X2,80 x 40 x 15 x 2.00,HRH,8,Hat sections - rectangular h > b,24,80.0,40.0,15.0,2.0,3.0,3.34,426.0,,38.2,329000.0,154000.0,,,,27.8,19.0,,,19.0,,7880.0,4670.0,,,61.1,560.0,71700000.0,"IS_811_1987 (corpus structured/sections.csv, p.24)",PASS,PASS
HRH80X40X20X3.15,80 x 40 x 20 x 3.15,HRH,8,Hat sections - rectangular h > b,24,80.0,40.0,20.0,3.15,4.73,5.26,671.0,,40.0,513000.0,254000.0,,,,27.7,19.5,,,19.5,,12800.0,6900.0,,,60.9,2160.0,120000000.0,"IS_811_1987 (corpus structured/sections.csv, p.24)",PASS,PASS
HRH80X50X15X2,80 x 50 x 15 x 2.00,HRH,8,Hat sections - rectangular h > b,24,80.0,50.0,15.0,2.0,3.0,3.5,446.0,,36.5,356000.0,242000.0,,,,28.3,23.3,,,23.3,,8180.0,6380.0,,,64.1,580.0,115000000.0,"IS_811_1987 (corpus structured/sections.csv, p.24)",PASS,PASS
HRH80X50X20X3.15,80 x 50 x 20 x 3.15,HRH,8,Hat sections - rectangular h > b,24,80.0,50.0,20.0,3.15,4.73,5.51,702.0,,38.3,558000.0,395000.0,,,,28.2,23.7,,,23.7,,13400.0,9430.0,,,64.8,2270.0,170000000.0,"IS_811_1987 (corpus structured/sections.csv, p.24)",PASS,PASS
HRH80X50X25X4,80 x 50 x 25 x 4.00,HRH,8,Hat sections - rectangular h > b,24,80.0,50.0,25.0,4.0,6.0,7.08,902.0,,40.0,717000.0,543000.0,,,,28.2,24.5,,,24.5,,17900.0,11800.0,,,63.8,4670.0,241000000.0,"IS_811_1987 (corpus structured/sections.csv, p.24)",PASS,PASS
HRH80X60X15X2,80 x 60 x 15 x 2.00,HRH,8,Hat sections - rectangular h > b,24,80.0,60.0,15.0,2.0,3.0,3.66,466.0,,35.0,380000.0,353000.0,,,,28.6,27.5,,,27.5,,8440.0,8210.0,,,66.7,610.0,175000000.0,"IS_811_1987 (corpus structured/sections.csv, p.24)",PASS,PASS
HRH80X60X20X3.15,80 x 60 x 20 x 3.15,HRH,8,Hat sections - rectangular h > b,24,80.0,60.0,20.0,3.15,4.73,5.76,734.0,,36.7,598000.0,570000.0,,,,28.6,27.9,,,27.9,,13800.0,12200.0,,,67.9,2370.0,245000000.0,"IS_811_1987 (corpus structured/sections.csv, p.24)",PASS,PASS
HRH80X60X25X4,80 x 60 x 25 x 4.00,HRH,8,Hat sections - rectangular h > b,24,80.0,60.0,25.0,4.0,6.0,7.4,942.0,,38.4,773000.0,773000.0,,,,28.6,28.6,,,28.6,,18600.0,15200.0,,,67.6,4880.0,316000000.0,"IS_811_1987 (corpus structured/sections.csv, p.24)",PASS,PASS
HRH100X80X15X2,100 x 80 x 15 x 2.00,HRH,8,Hat sections - rectangular h > b,24,100.0,80.0,15.0,2.0,3.0,4.6,586.0,,41.6,731000.0,767000.0,,,,35.5,36.2,,,35.5,,12600.0,14500.0,,,82.9,770.0,659000000.0,"IS_811_1987 (corpus structured/sections.csv, p.24)",PASS,PASS
HRH100X80X20X3.15,100 x 80 x 20 x 3.15,HRH,8,Hat sections - rectangular h > b,24,100.0,80.0,20.0,3.15,4.73,7.24,923.0,,43.4,1170000.0,1220000.0,,,,35.6,36.4,,,35.6,,20700.0,21500.0,,,85.2,3000.0,918000000.0,"IS_811_1987 (corpus structured/sections.csv, p.24)",PASS,PASS
HRH100X80X25X4,100 x 80 x 25 x 4.00,HRH,8,Hat sections - rectangular h > b,24,100.0,80.0,25.0,4.0,6.0,9.28,1180.0,,45.1,1520000.0,1610000.0,,,,35.8,36.9,,,35.8,,27600.0,26400.0,,,86.2,6160.0,1090000000.0,"IS_811_1987 (corpus structured/sections.csv, p.24)",PASS,PASS
HRH100X80X30X5,100 x 80 x 30 x 5.00,HRH,8,Hat sections - rectangular h > b,24,100.0,80.0,30.0,5.0,7.5,11.7,1480.0,,46.8,1910000.0,2090000.0,,,,35.8,37.5,,,35.8,,35800.0,32200.0,,,86.4,12000.0,1310000000.0,"IS_811_1987 (corpus structured/sections.csv, p.24)",PASS,PASS
HRH50X40X10X1.6,50 x 40 x 10 x 1.60,HRH,8,Hat sections - rectangular h > b,24,50.0,40.0,10.0,1.6,2.4,1.84,234.0,,21.7,74000.0,77200.0,,,,17.8,18.2,,,17.8,,2610.0,2720.0,,,42.6,200.0,14500000.0,"IS_811_1987 (corpus structured/sections.csv, p.24)",PASS,PASS
HRH50X40X15X2,50 x 40 x 15 x 2.00,HRH,8,Hat sections - rectangular h > b,24,50.0,40.0,15.0,2.0,3.0,2.4,306.0,,23.4,102000.0,111000.0,,,,18.2,19.0,,,18.2,,3820.0,3350.0,,,43.0,400.0,18500000.0,"IS_811_1987 (corpus structured/sections.csv, p.24)",PASS (manual image read),PASS
HRB30X50X10X1.25,30 x 50 x 10 x 1.25,HRB,9,Hat sections - rectangular b > h,25,30.0,50.0,10.0,1.25,1.88,1.17,149.0,,11.4,19000.0,70500.0,,,,11.3,21.7,,,11.3,,1020.0,2090.0,,,31.6,80.0,5300000.0,"IS_811_1987 (corpus structured/sections.csv, p.25)",PASS,PASS
HRB30X50X10X1.6,30 x 50 x 10 x 1.60,HRB,9,Hat sections - rectangular b > h,25,30.0,50.0,10.0,1.6,2.4,1.46,186.0,,11.3,22800.0,86100.0,,,,11.1,21.5,,,11.1,,1220.0,2580.0,,,31.8,160.0,6140000.0,"IS_811_1987 (corpus structured/sections.csv, p.25)",PASS,PASS
HRB40X50X10X1.25,40 x 50 x 10 x 1.25,HRB,9,Hat sections - rectangular b > h,25,40.0,50.0,10.0,1.25,1.88,1.37,174.0,,15.8,38100.0,85300.0,,,,14.8,22.1,,,14.8,,1570.0,2530.0,,,38.4,90.0,11500000.0,"IS_811_1987 (corpus structured/sections.csv, p.25)",PASS,PASS
HRB40X50X10X1.6,40 x 50 x 10 x 1.60,HRB,9,Hat sections - rectangular b > h,25,40.0,50.0,10.0,1.6,2.4,1.71,218.0,,15.8,46200.0,105000.0,,,,14.6,21.9,,,14.6,,1910.0,3140.0,,,38.6,180.0,13600000.0,"IS_811_1987 (corpus structured/sections.csv, p.25)",PASS (manual image read),PASS
HRB40X60X15X2,40 x 60 x 15 x 2.00,HRB,9,Hat sections - rectangular b > h,25,40.0,60.0,15.0,2.0,3.0,2.4,306.0,,16.3,69500.0,218000.0,,,,15.1,26.7,,,15.1,,2930.0,5080.0,,,41.0,400.0,25200000.0,"IS_811_1987 (corpus structured/sections.csv, p.25)",PASS (manual image read),PASS
HRB40X60X20X3.15,40 x 60 x 20 x 3.15,HRB,9,Hat sections - rectangular b > h,25,40.0,60.0,20.0,3.15,4.73,3.78,482.0,,17.6,108000.0,367000.0,,,,15.0,27.6,,,15.0,,4830.0,7830.0,,,40.4,1540.0,32400000.0,"IS_811_1987 (corpus structured/sections.csv, p.25)",PASS,PASS
LZ80X40X20X1.6,80 x 40 x 20 x 1.60,LZ,10,Lipped zed sections (equal flanges),26,80.0,40.0,20.0,1.6,2.4,2.34,298.0,,,291000.0,142000.0,381000.0,46100.0,153000.0,31.249,21.829,35.756,12.4,12.4,0.627,7270.0,3630.0,7310.0,2020.0,,250.0,172000000.0,"IS_811_1987 (corpus structured/sections.csv, p.26)",PASS,PASS
LZ80X40X20X2,80 x 40 x 20 x 2.00,LZ,10,Lipped zed sections (equal flanges),26,80.0,40.0,20.0,2.0,3.0,2.87,366.0,,,351000.0,170000.0,465000.0,54900.0,184100.0,30.968,21.552,35.644,12.3,12.3,0.623,8770.0,4350.0,8890.0,2400.0,,480.0,206000000.0,"IS_811_1987 (corpus structured/sections.csv, p.26)",PASS,PASS
LZ80X40X20X2.3,80 x 40 x 20 x 2.30,LZ,10,Lipped zed sections (equal flanges),26,80.0,40.0,20.0,2.3,3.45,3.25,414.0,,,392000.0,188000.0,520000.0,61000.0,205000.0,30.771,21.31,35.441,12.1,12.1,0.619,9810.0,4840.0,10000.0,2660.0,,720.0,230000000.0,"IS_811_1987 (corpus structured/sections.csv, p.26)",PASS,PASS
LZ80X40X20X2.55,80 x 40 x 20 x 2.55,LZ,10,Lipped zed sections (equal flanges),26,80.0,40.0,20.0,2.55,3.83,3.56,454.0,,,425000.0,202000.0,562000.0,65600.0,222000.0,30.596,21.093,35.184,12.0,12.0,0.616,10600.0,5220.0,10900.0,2860.0,,960.0,248000000.0,"IS_811_1987 (corpus structured/sections.csv, p.26)",PASS,PASS
LZ80X40X20X3.15,80 x 40 x 20 x 3.15,LZ,10,Lipped zed sections (equal flanges),26,80.0,40.0,20.0,3.15,4.73,4.28,545.0,,,497000.0,232000.0,653000.0,75100.0,257000.0,30.198,20.632,34.615,11.7,11.7,0.61,12400.0,6030.0,12800.0,3280.0,,1750.0,288000000.0,"IS_811_1987 (corpus structured/sections.csv, p.26)",PASS,PASS
LZ85X40X20X2,85 x 40 x 20 x 2.00,LZ,10,Lipped zed sections (equal flanges),26,85.0,40.0,20.0,2.0,3.0,2.95,376.0,,,405000.0,170000.0,518000.0,57300.0,198000.0,32.82,21.263,37.117,12.4,12.4,0.568,9540.0,4350.0,9580.0,2480.0,,490.0,234000000.0,"IS_811_1987 (corpus structured/sections.csv, p.26)",PASS,PASS
LZ85X40X20X2.3,85 x 40 x 20 x 2.30,LZ,10,Lipped zed sections (equal flanges),26,85.0,40.0,20.0,2.3,3.45,3.34,426.0,,,454000.0,188000.0,579000.0,63600.0,221000.0,32.645,21.007,36.867,12.2,12.2,0.565,10700.0,4840.0,10800.0,2760.0,,740.0,260000000.0,"IS_811_1987 (corpus structured/sections.csv, p.26)",PASS,PASS
LZ85X40X20X2.55,85 x 40 x 20 x 2.55,LZ,10,Lipped zed sections (equal flanges),26,85.0,40.0,20.0,2.55,3.83,3.66,467.0,,,492000.0,202000.0,626000.0,68400.0,238000.0,32.458,20.798,36.612,12.1,12.1,0.562,11600.0,5220.0,11800.0,2960.0,,990.0,281000000.0,"IS_811_1987 (corpus structured/sections.csv, p.26)",PASS,PASS
LZ85X40X20X3.15,85 x 40 x 20 x 3.15,LZ,10,Lipped zed sections (equal flanges),26,85.0,40.0,20.0,3.15,4.73,4.4,560.0,,,576000.0,232000.0,729000.0,78400.0,276000.0,32.071,20.354,36.08,11.8,11.8,0.555,13600.0,6030.0,13900.0,3400.0,,1800.0,326000000.0,"IS_811_1987 (corpus structured/sections.csv, p.26)",PASS,PASS
LZ90X40X20X1.6,90 x 40 x 20 x 1.60,LZ,10,Lipped zed sections (equal flanges),26,90.0,40.0,20.0,1.6,2.4,2.46,314.0,,,385000.0,142000.0,477000.0,49900.0,176000.0,35.016,21.266,38.976,12.6,12.6,0.526,8550.0,3630.0,8470.0,2150.0,,260.0,219000000.0,"IS_811_1987 (corpus structured/sections.csv, p.26)",PASS,PASS
LZ90X40X20X2,90 x 40 x 20 x 2.00,LZ,10,Lipped zed sections (equal flanges),26,90.0,40.0,20.0,2.0,3.0,3.03,386.0,,,465000.0,170000.0,575000.0,59500.0,211000.0,34.708,20.986,38.596,12.4,12.4,0.521,10300.0,4350.0,10300.0,2560.0,,590.0,263000000.0,"IS_811_1987 (corpus structured/sections.csv, p.26)",PASS,PASS
LZ90X40X20X2.3,90 x 40 x 20 x 2.30,LZ,10,Lipped zed sections (equal flanges),27,90.0,40.0,20.0,2.3,3.45,3.43,438.0,,,521000.0,188000.0,643000.0,66000.0,236000.0,34.489,20.718,38.315,12.3,12.3,0.518,11600.0,4840.0,11600.0,2840.0,,760.0,293000000.0,"IS_811_1987 (corpus structured/sections.csv, p.27)",PASS,PASS
LZ90X40X20X2.55,90 x 40 x 20 x 2.55,LZ,10,Lipped zed sections (equal flanges),27,90.0,40.0,20.0,2.55,3.83,3.76,480.0,,,565000.0,202000.0,697000.0,71000.0,255000.0,34.309,20.514,38.106,12.2,12.2,0.515,12600.0,5220.0,12700.0,3060.0,,1020.0,317000000.0,"IS_811_1987 (corpus structured/sections.csv, p.27)",PASS (manual image read),PASS
LZ90X40X20X3.15,90 x 40 x 20 x 3.15,LZ,10,Lipped zed sections (equal flanges),27,90.0,40.0,20.0,3.15,4.73,4.52,576.0,,,663000.0,232000.0,813000.0,81600.0,295000.0,33.927,20.069,37.569,11.9,11.9,0.509,14700.0,6030.0,15000.0,3510.0,,1850.0,368000000.0,"IS_811_1987 (corpus structured/sections.csv, p.27)",PASS,PASS
LZ95X40X20X1.6,95 x 40 x 20 x 1.60,LZ,10,Lipped zed sections (equal flanges),27,95.0,40.0,20.0,1.6,2.4,2.53,322.0,,,437000.0,142000.0,528000.0,51600.0,187000.0,36.839,21.0,40.494,12.6,12.6,0.485,9200.0,3630.0,9080.0,2200.0,,270.0,245000000.0,"IS_811_1987 (corpus structured/sections.csv, p.27)",PASS,PASS
LZ95X40X20X2,95 x 40 x 20 x 2.00,LZ,10,Lipped zed sections (equal flanges),27,95.0,40.0,20.0,2.0,3.0,3.11,396.0,,,529000.0,170000.0,637000.0,61500.0,225000.0,36.549,20.719,40.107,12.5,12.5,0.481,11100.0,4350.0,11100.0,2630.0,,520.0,294000000.0,"IS_811_1987 (corpus structured/sections.csv, p.27)",PASS,PASS
LZ95X40X20X2.3,95 x 40 x 20 x 2.30,LZ,10,Lipped zed sections (equal flanges),27,95.0,40.0,20.0,2.3,3.45,3.52,449.0,,,594000.0,188000.0,713000.0,68300.0,251000.0,36.372,20.462,39.849,12.3,12.3,0.478,12500.0,4840.0,12500.0,2920.0,,780.0,328000000.0,"IS_811_1987 (corpus structured/sections.csv, p.27)",PASS,PASS
LZ95X40X20X2.55,95 x 40 x 20 x 2.55,LZ,10,Lipped zed sections (equal flanges),27,95.0,40.0,20.0,2.55,3.83,3.86,492.0,,,644000.0,202000.0,773000.0,73500.0,271000.0,36.179,20.263,39.638,12.2,12.2,0.475,13600.0,5220.0,13600.0,3140.0,,1040.0,355000000.0,"IS_811_1987 (corpus structured/sections.csv, p.27)",PASS,PASS
LZ95X40X20X3.15,95 x 40 x 20 x 3.15,LZ,10,Lipped zed sections (equal flanges),27,95.0,40.0,20.0,3.15,4.73,4.65,592.0,,,756000.0,232000.0,904000.0,84300.0,315000.0,35.736,19.796,39.077,11.9,11.9,0.468,15900.0,6030.0,16100.0,3610.0,,1900.0,412000000.0,"IS_811_1987 (corpus structured/sections.csv, p.27)",PASS,PASS
LZ100X40X20X1.6,100 x 40 x 20 x 1.60,LZ,10,Lipped zed sections (equal flanges),27,100.0,40.0,20.0,1.6,2.4,2.59,330.0,,,494000.0,142000.0,583000.0,53100.0,198000.0,38.691,20.744,42.032,12.7,12.7,0.45,9880.0,3630.0,9700.0,2260.0,,280.0,272000000.0,"IS_811_1987 (corpus structured/sections.csv, p.27)",PASS,PASS
LZ100X40X20X2,100 x 40 x 20 x 2.00,LZ,10,Lipped zed sections (equal flanges),27,100.0,40.0,20.0,2.0,3.0,3.18,406.0,,,598000.0,170000.0,705000.0,63400.0,238000.0,38.378,20.463,41.671,12.5,12.5,0.446,12000.0,4350.0,11900.0,2700.0,,530.0,327000000.0,"IS_811_1987 (corpus structured/sections.csv, p.27)",PASS,PASS
LZ100X40X20X2.3,100 x 40 x 20 x 2.30,LZ,10,Lipped zed sections (equal flanges),27,100.0,40.0,20.0,2.3,3.45,3.62,460.0,,,672000.0,188000.0,789000.0,70400.0,266000.0,38.221,20.216,41.415,12.4,12.4,0.443,13400.0,4840.0,13400.0,2990.0,,800.0,365000000.0,"IS_811_1987 (corpus structured/sections.csv, p.27)",PASS,PASS
LZ100X40X20X2.55,100 x 40 x 20 x 2.55,LZ,10,Lipped zed sections (equal flanges),27,100.0,40.0,20.0,2.55,3.83,3.96,505.0,,,730000.0,202000.0,856000.0,75700.0,288000.0,38.02,20.0,41.171,12.2,12.2,0.44,14600.0,5220.0,14600.0,3220.0,,1070.0,395000000.0,"IS_811_1987 (corpus structured/sections.csv, p.27)",PASS,PASS
LZ100X40X20X3.15,100 x 40 x 20 x 3.15,LZ,10,Lipped zed sections (equal flanges),27,100.0,40.0,20.0,3.15,4.73,4.77,608.0,,,857000.0,232000.0,1000000.0,86900.0,334000.0,37.544,19.534,40.555,12.0,12.0,0.434,17100.0,6030.0,17300.0,3710.0,,1960.0,459000000.0,"IS_811_1987 (corpus structured/sections.csv, p.27)",PASS,PASS
LZ105X45X20X1.6,105 x 45 x 20 x 1.60,LZ,10,Lipped zed sections (equal flanges),27,105.0,45.0,20.0,1.6,2.4,2.78,354.0,,,598000.0,192000.0,720000.0,69000.0,255000.0,41.101,23.289,45.099,14.0,14.0,0.482,11400.0,4340.0,11100.0,2670.0,,300.0,393000000.0,"IS_811_1987 (corpus structured/sections.csv, p.27)",PASS,PASS
LZ105X45X20X2,105 x 45 x 20 x 2.00,LZ,10,Lipped zed sections (equal flanges),27,105.0,45.0,20.0,2.0,3.0,3.42,436.0,,,726000.0,230000.0,873000.0,82700.0,307000.0,40.806,22.968,44.747,13.8,13.8,0.478,13800.0,5220.0,13600.0,3200.0,,570.0,474000000.0,"IS_811_1987 (corpus structured/sections.csv, p.27)",PASS,PASS
LZ105X45X20X2.3,105 x 45 x 20 x 2.30,LZ,10,Lipped zed sections (equal flanges),27,105.0,45.0,20.0,2.3,3.45,3.89,495.0,,,816000.0,255000.0,979000.0,92100.0,344000.0,40.602,22.697,44.472,13.6,13.6,0.475,15500.0,5820.0,15400.0,3560.0,,860.0,530000000.0,"IS_811_1987 (corpus structured/sections.csv, p.27)",PASS,PASS
LZ105X45X20X2.55,105 x 45 x 20 x 2.55,LZ,10,Lipped zed sections (equal flanges),27,105.0,45.0,20.0,2.55,3.83,4.26,543.0,,,888000.0,275000.0,1060000.0,99300.0,373000.0,40.44,22.504,44.183,13.5,13.5,0.472,16900.0,6290.0,16800.0,3840.0,,1150.0,574000000.0,"IS_811_1987 (corpus structured/sections.csv, p.27)",PASS,PASS
LZ105X45X20X3.15,105 x 45 x 20 x 3.15,LZ,10,Lipped zed sections (equal flanges),27,105.0,45.0,20.0,3.15,4.73,5.14,655.0,,,1050000.0,317000.0,1250000.0,115000.0,435000.0,40.038,21.999,43.685,13.2,13.2,0.466,20000.0,7310.0,20000.0,4440.0,,2100.0,671000000.0,"IS_811_1987 (corpus structured/sections.csv, p.27)",PASS,PASS
LZ110X45X20X1.6,110 x 45 x 20 x 1.60,LZ,10,Lipped zed sections (equal flanges),27,110.0,45.0,20.0,1.6,2.4,2.84,362.0,,,667000.0,192000.0,788000.0,71000.0,268000.0,42.925,23.03,46.656,14.0,14.0,0.45,12100.0,4340.0,11600.0,2730.0,,300.0,433000000.0,"IS_811_1987 (corpus structured/sections.csv, p.27)",PASS,PASS
LZ110X45X20X2,110 x 45 x 20 x 2.00,LZ,10,Lipped zed sections (equal flanges),27,110.0,45.0,20.0,2.0,3.0,3.5,446.0,,,811000.0,230000.0,955000.0,85100.0,324000.0,42.643,22.709,46.274,13.8,13.8,0.446,14700.0,5220.0,14500.0,3270.0,,580.0,522000000.0,"IS_811_1987 (corpus structured/sections.csv, p.27)",PASS,PASS
LZ110X45X20X2.3,110 x 45 x 20 x 2.30,LZ,10,Lipped zed sections (equal flanges),27,110.0,45.0,20.0,2.3,3.45,3.98,506.0,,,912000.0,255000.0,1070000.0,94100.0,362000.0,42.454,22.449,45.985,13.7,13.7,0.443,16600.0,5820.0,16300.0,3640.0,,880.0,585000000.0,"IS_811_1987 (corpus structured/sections.csv, p.27)",PASS,PASS
LZ110X45X20X2.55,110 x 45 x 20 x 2.55,LZ,10,Lipped zed sections (equal flanges),27,110.0,45.0,20.0,2.55,3.83,4.36,556.0,,,993000.0,275000.0,1170000.0,102000.0,393000.0,42.261,22.24,45.873,13.6,13.6,0.441,18000.0,6290.0,17900.0,3930.0,,1180.0,634000000.0,"IS_811_1987 (corpus structured/sections.csv, p.27)",PASS,PASS
LZ115X45X20X1.6,115 x 45 x 20 x 1.60,LZ,10,Lipped zed sections (equal flanges),27,115.0,45.0,20.0,1.6,2.4,2.9,370.0,,,741000.0,192000.0,860000.0,72900.0,282000.0,44.752,22.78,48.211,14.0,14.0,0.422,12900.0,4340.0,12600.0,2780.0,,300.0,476000000.0,"IS_811_1987 (corpus structured/sections.csv, p.27)",PASS,PASS
LZ115X45X20X2.3,115 x 45 x 20 x 2.30,LZ,10,Lipped zed sections (equal flanges),27,115.0,45.0,20.0,2.3,3.45,4.07,518.0,,,1010000.0,255000.0,1170000.0,97200.0,381000.0,44.157,22.187,47.526,13.7,13.7,0.415,17600.0,5820.0,17400.0,3710.0,,900.0,643000000.0,"IS_811_1987 (corpus structured/sections.csv, p.27)",PASS,PASS
LZ115X45X20X2.55,115 x 45 x 20 x 2.55,LZ,10,Lipped zed sections (equal flanges),27,115.0,45.0,20.0,2.55,3.83,4.46,569.0,,,1100000.0,275000.0,1270000.0,105000.0,413000.0,43.968,21.984,47.244,13.6,13.6,0.413,19200.0,6300.0,19000.0,4010.0,,1210.0,697000000.0,"IS_811_1987 (corpus structured/sections.csv, p.27)",PASS,PASS
LZ115X45X20X3.15,115 x 45 x 20 x 3.15,LZ,10,Lipped zed sections (equal flanges),27,115.0,45.0,20.0,3.15,4.73,5.39,686.0,,,1310000.0,317000.0,1500000.0,121000.0,482000.0,43.699,21.496,46.761,13.3,13.3,0.407,22700.0,7310.0,22600.0,4630.0,,2220.0,816000000.0,"IS_811_1987 (corpus structured/sections.csv, p.27)",PASS,PASS
LZ120X45X20X1.6,120 x 45 x 20 x 1.60,LZ,10,Lipped zed sections (equal flanges),27,120.0,45.0,20.0,1.6,2.4,2.97,378.0,,,820000.0,192000.0,933000.0,74600.0,296000.0,46.576,22.537,49.682,14.0,14.0,0.397,13700.0,4340.0,13300.0,2830.0,,320.0,521000000.0,"IS_811_1987 (corpus structured/sections.csv, p.27)",PASS,PASS
LZ120X45X20X2.3,120 x 45 x 20 x 2.30,LZ,10,Lipped zed sections (equal flanges),27,120.0,45.0,20.0,2.3,3.45,4.16,530.0,,,1120000.0,255000.0,1280000.0,99600.0,399000.0,45.97,21.935,49.144,13.7,13.7,0.39,18700.0,5820.0,18400.0,3780.0,,920.0,704000000.0,"IS_811_1987 (corpus structured/sections.csv, p.27)",PASS,PASS
LZ120X45X20X2.55,120 x 45 x 20 x 2.55,LZ,10,Lipped zed sections (equal flanges),27,120.0,45.0,20.0,2.55,3.83,4.56,582.0,,,1220000.0,275000.0,1390000.0,107000.0,433000.0,45.784,21.737,48.87,13.6,13.6,0.388,20400.0,6300.0,20100.0,4080.0,,1240.0,764000000.0,"IS_811_1987 (corpus structured/sections.csv, p.27)",PASS,PASS
LZ120X45X20X3.15,120 x 45 x 20 x 3.15,LZ,10,Lipped zed sections (equal flanges),27,120.0,45.0,20.0,3.15,4.73,5.51,702.0,,,1450000.0,317000.0,1640000.0,124000.0,505000.0,45.448,21.25,48.334,13.3,13.3,0.382,24000.0,7310.0,24000.0,4720.0,,2270.0,895000000.0,"IS_811_1987 (corpus structured/sections.csv, p.27)",PASS,PASS
LZ125X45X20X1.6,125 x 45 x 20 x 1.60,LZ,10,Lipped zed sections (equal flanges),27,125.0,45.0,20.0,1.6,2.4,3.03,386.0,,,903000.0,192000.0,1020000.0,76300.0,309000.0,48.367,22.303,51.405,14.1,14.1,0.374,14400.0,4340.0,14000.0,2880.0,,330.0,568000000.0,"IS_811_1987 (corpus structured/sections.csv, p.27)",PASS,PASS
LZ125X45X20X2,125 x 45 x 20 x 2.00,LZ,10,Lipped zed sections (equal flanges),27,125.0,45.0,20.0,2.0,3.0,3.73,476.0,,,1100000.0,230000.0,1240000.0,91400.0,373000.0,48.072,21.982,51.04,13.9,13.9,0.37,17600.0,5220.0,17200.0,3450.0,,620.0,686000000.0,"IS_811_1987 (corpus structured/sections.csv, p.27)",PASS,PASS
LZ125X45X20X2.3,125 x 45 x 20 x 2.30,LZ,10,Lipped zed sections (equal flanges),27,125.0,45.0,20.0,2.3,3.45,4.25,541.0,,,1240000.0,255000.0,1390000.0,102000.0,418000.0,47.875,21.711,50.688,13.7,13.7,0.368,19800.0,5820.0,19500.0,3850.0,,940.0,769000000.0,"IS_811_1987 (corpus structured/sections.csv, p.27)",PASS,PASS
LZ125X45X20X2.55,125 x 45 x 20 x 2.55,LZ,10,Lipped zed sections (equal flanges),27,125.0,45.0,20.0,2.55,3.83,4.66,594.0,,,1350000.0,275000.0,1510000.0,110000.0,453000.0,47.673,21.517,50.419,13.6,13.6,0.365,21600.0,6300.0,21300.0,4150.0,,1260.0,834000000.0,"IS_811_1987 (corpus structured/sections.csv, p.27)",PASS,PASS
LZ125X45X20X3.15,125 x 45 x 20 x 3.15,LZ,10,Lipped zed sections (equal flanges),27,125.0,45.0,20.0,3.15,4.73,5.64,718.0,,,1600000.0,317000.0,1790000.0,127000.0,529000.0,47.206,21.012,49.93,13.3,13.3,0.36,25600.0,7100.0,25400.0,4800.0,,2320.0,917000000.0,"IS_811_1987 (corpus structured/sections.csv, p.27)",PASS,PASS
LZ130X45X20X1.6,130 x 45 x 20 x 1.60,LZ,10,Lipped zed sections (equal flanges),27,130.0,45.0,20.0,1.6,2.4,3.09,394.0,,,991000.0,192000.0,1110000.0,77900.0,323000.0,50.152,22.075,53.078,14.1,14.1,0.353,15200.0,4340.0,14900.0,2920.0,,330.0,618000000.0,"IS_811_1987 (corpus structured/sections.csv, p.27)",PASS (manual image read),PASS
LZ130X45X20X2,130 x 45 x 20 x 2.00,LZ,10,Lipped zed sections (equal flanges),27,130.0,45.0,20.0,2.0,3.0,3.81,486.0,,,1210000.0,230000.0,1340000.0,93300.0,389000.0,49.897,21.754,52.509,13.9,13.9,0.35,18600.0,5220.0,18200.0,3500.0,,640.0,746000000.0,"IS_811_1987 (corpus structured/sections.csv, p.27)",PASS,PASS
LZ130X45X20X2.3,130 x 45 x 20 x 2.30,LZ,10,Lipped zed sections (equal flanges),28,130.0,45.0,20.0,2.3,3.45,4.34,552.0,,,1360000.0,255000.0,1510000.0,104000.0,436000.0,49.636,21.493,52.302,13.7,13.7,0.347,20900.0,5820.0,20600.0,3910.0,,960.0,836000000.0,"IS_811_1987 (corpus structured/sections.csv, p.28)",PASS,PASS
LZ130X45X20X2.55,130 x 45 x 20 x 2.55,LZ,10,Lipped zed sections (equal flanges),28,130.0,45.0,20.0,2.55,3.83,4.76,607.0,,,1480000.0,275000.0,1650000.0,112000.0,473000.0,49.378,21.285,52.137,13.6,13.6,0.345,22800.0,6300.0,22500.0,4220.0,,1290.0,908000000.0,"IS_811_1987 (corpus structured/sections.csv, p.28)",PASS,PASS
LZ130X45X20X3.15,130 x 45 x 20 x 3.15,LZ,10,Lipped zed sections (equal flanges),28,130.0,45.0,20.0,3.15,4.73,5.76,734.0,,,1760000.0,317000.0,1940000.0,130000.0,553000.0,48.968,20.782,51.411,13.3,13.3,0.34,27000.0,7310.0,26900.0,4880.0,,2370.0,1060000000.0,"IS_811_1987 (corpus structured/sections.csv, p.28)",PASS,PASS
LZ140X60X20X1.6,140 x 60 x 20 x 1.60,LZ,10,Lipped zed sections (equal flanges),28,140.0,60.0,20.0,1.6,2.4,3.6,458.0,,,1410000.0,402000.0,1670000.0,147000.0,568000.0,55.485,29.626,60.385,17.9,17.9,0.449,20200.0,6740.0,19300.0,4380.0,,390.0,1400000000.0,"IS_811_1987 (corpus structured/sections.csv, p.28)",PASS,PASS
LZ140X60X20X2,140 x 60 x 20 x 2.00,LZ,10,Lipped zed sections (equal flanges),28,140.0,60.0,20.0,2.0,3.0,4.44,566.0,,,1730000.0,485000.0,2030000.0,178000.0,690000.0,55.286,29.273,59.888,17.7,17.7,0.445,24700.0,8220.0,23700.0,5280.0,,740.0,1700000000.0,"IS_811_1987 (corpus structured/sections.csv, p.28)",PASS,PASS
LZ140X60X20X2.3,140 x 60 x 20 x 2.30,LZ,10,Lipped zed sections (equal flanges),28,140.0,60.0,20.0,2.3,3.45,5.06,644.0,,,1950000.0,543000.0,2300000.0,199000.0,776000.0,55.027,29.037,59.761,17.6,17.6,0.443,27900.0,9220.0,26900.0,5910.0,,1120.0,1910000000.0,"IS_811_1987 (corpus structured/sections.csv, p.28)",PASS,PASS
LZ140X60X20X2.55,140 x 60 x 20 x 2.55,LZ,10,Lipped zed sections (equal flanges),28,140.0,60.0,20.0,2.55,3.83,5.57,709.0,,,2130000.0,588000.0,2510000.0,216000.0,845000.0,54.811,28.798,59.5,17.4,17.4,0.441,30500.0,10000.0,29500.0,6410.0,,1510.0,2100000000.0,"IS_811_1987 (corpus structured/sections.csv, p.28)",PASS,PASS
LZ140X60X20X3.15,140 x 60 x 20 x 3.15,LZ,10,Lipped zed sections (equal flanges),28,140.0,60.0,20.0,3.15,4.73,6.75,860.0,,,2550000.0,687000.0,2980000.0,253000.0,998000.0,54.453,28.264,58.865,17.1,17.1,0.435,36400.0,11800.0,35400.0,7480.0,,2790.0,2500000000.0,"IS_811_1987 (corpus structured/sections.csv, p.28)",PASS,PASS
LZ150X60X20X1.6,150 x 60 x 20 x 1.60,LZ,10,Lipped zed sections (equal flanges),28,150.0,60.0,20.0,1.6,2.4,3.72,474.0,,,1660000.0,402000.0,1910000.0,154000.0,611000.0,59.179,29.122,63.479,18.0,18.0,0.406,22100.0,6790.0,21200.0,4500.0,,400.0,1600000000.0,"IS_811_1987 (corpus structured/sections.csv, p.28)",PASS,PASS
LZ150X60X20X2,150 x 60 x 20 x 2.00,LZ,10,Lipped zed sections (equal flanges),28,150.0,60.0,20.0,2.0,3.0,4.6,586.0,,,2030000.0,485000.0,2330000.0,186000.0,743000.0,58.857,28.769,63.056,17.8,17.8,0.403,27000.0,8220.0,26000.0,5430.0,,770.0,1970000000.0,"IS_811_1987 (corpus structured/sections.csv, p.28)",PASS,PASS
LZ150X60X20X2.3,150 x 60 x 20 x 2.30,LZ,10,Lipped zed sections (equal flanges),28,150.0,60.0,20.0,2.3,3.45,5.24,668.0,,,2290000.0,543000.0,2630000.0,208000.0,836000.0,58.55,28.511,62.747,17.6,17.6,0.401,30600.0,9220.0,29500.0,6080.0,,1160.0,2220000000.0,"IS_811_1987 (corpus structured/sections.csv, p.28)",PASS,PASS
LZ150X60X20X2.55,150 x 60 x 20 x 2.55,LZ,10,Lipped zed sections (equal flanges),28,150.0,60.0,20.0,2.55,3.83,5.77,734.0,,,2510000.0,588000.0,2870000.0,226000.0,910000.0,58.478,28.304,62.531,17.5,17.5,0.399,33500.0,10000.0,32400.0,6590.0,,1570.0,2420000000.0,"IS_811_1987 (corpus structured/sections.csv, p.28)",PASS,PASS
LZ150X60X20X3.15,150 x 60 x 20 x 3.15,LZ,10,Lipped zed sections (equal flanges),28,150.0,60.0,20.0,3.15,4.73,7.0,891.0,,,3000000.0,687000.0,3420000.0,264000.0,1080000.0,58.026,27.768,61.955,17.2,17.2,0.394,40000.0,11800.0,38900.0,7700.0,,2890.0,2870000000.0,"IS_811_1987 (corpus structured/sections.csv, p.28)",PASS,PASS
LZ160X60X20X1.6,160 x 60 x 20 x 1.60,LZ,10,Lipped zed sections (equal flanges),28,160.0,60.0,20.0,1.6,2.4,3.85,490.0,,,1930000.0,402000.0,2170000.0,160000.0,655000.0,62.76,28.643,66.548,18.0,18.0,0.37,24100.0,6790.0,23100.0,4600.0,,420.0,1870000000.0,"IS_811_1987 (corpus structured/sections.csv, p.28)",PASS,PASS
LZ160X60X20X2,160 x 60 x 20 x 2.00,LZ,10,Lipped zed sections (equal flanges),28,160.0,60.0,20.0,2.0,3.0,4.75,606.0,,,2360000.0,485000.0,2650000.0,193000.0,796000.0,62.405,28.29,66.128,17.8,17.8,0.367,29500.0,8220.0,28400.0,5560.0,,800.0,2270000000.0,"IS_811_1987 (corpus structured/sections.csv, p.28)",PASS,PASS
LZ160X60X20X2.3,160 x 60 x 20 x 2.30,LZ,10,Lipped zed sections (equal flanges),28,160.0,60.0,20.0,2.3,3.45,5.42,690.0,,,2670000.0,543000.0,3000000.0,216000.0,896000.0,62.206,28.053,65.938,17.7,17.7,0.365,33400.0,9220.0,32200.0,6220.0,,1200.0,2560000000.0,"IS_811_1987 (corpus structured/sections.csv, p.28)",PASS,PASS
LZ160X60X20X2.55,160 x 60 x 20 x 2.55,LZ,10,Lipped zed sections (equal flanges),28,160.0,60.0,20.0,2.55,3.83,5.97,760.0,,,2920000.0,588000.0,3280000.0,234000.0,975000.0,61.985,27.815,65.695,17.6,17.6,0.363,36500.0,10000.0,35400.0,6750.0,,1620.0,2790000000.0,"IS_811_1987 (corpus structured/sections.csv, p.28)",PASS,PASS
LZ160X60X20X3.15,160 x 60 x 20 x 3.15,LZ,10,Lipped zed sections (equal flanges),28,160.0,60.0,20.0,3.15,4.73,7.24,923.0,,,3490000.0,687000.0,3910000.0,274000.0,1153000.0,61.491,27.282,65.086,17.2,17.2,0.358,43700.0,11800.0,42600.0,7900.0,,3000.0,3310000000.0,"IS_811_1987 (corpus structured/sections.csv, p.28)",PASS,PASS
LZ170X60X20X1.6,170 x 60 x 20 x 1.60,LZ,10,Lipped zed sections (equal flanges),28,170.0,60.0,20.0,1.6,2.4,3.97,506.0,,,2220000.0,402000.0,2460000.0,165000.0,698000.0,66.237,28.186,69.726,18.1,18.1,0.339,26100.0,6790.0,25100.0,4700.0,,430.0,2130000000.0,"IS_811_1987 (corpus structured/sections.csv, p.28)",PASS,PASS
LZ170X60X20X2,170 x 60 x 20 x 2.00,LZ,10,Lipped zed sections (equal flanges),28,170.0,60.0,20.0,2.0,3.0,4.91,626.0,,,2720000.0,485000.0,3010000.0,199000.0,849000.0,65.917,27.835,69.342,17.8,17.8,0.337,32000.0,8220.0,30900.0,5670.0,,820.0,2600000000.0,"IS_811_1987 (corpus structured/sections.csv, p.28)",PASS (designation read from image; h OCR-dropped '1'),PASS
LZ170X60X20X2.3,170 x 60 x 20 x 2.30,LZ,10,Lipped zed sections (equal flanges),28,170.0,60.0,20.0,2.3,3.45,5.6,714.0,,,3080000.0,543000.0,3400000.0,223000.0,955000.0,65.679,27.577,69.007,17.7,17.7,0.334,36300.0,9220.0,35100.0,6360.0,,1240.0,2920000000.0,"IS_811_1987 (corpus structured/sections.csv, p.28)",PASS,PASS
LZ170X60X20X2.55,170 x 60 x 20 x 2.55,LZ,10,Lipped zed sections (equal flanges),28,170.0,60.0,20.0,2.55,3.83,6.17,786.0,,,3370000.0,588000.0,3720000.0,242000.0,1040000.0,65.479,27.351,68.796,17.5,17.5,0.332,39700.0,10000.0,38500.0,6900.0,,1680.0,3190000000.0,"IS_811_1987 (corpus structured/sections.csv, p.28)",PASS,PASS
LZ170X60X20X3.15,170 x 60 x 20 x 3.15,LZ,10,Lipped zed sections (equal flanges),28,170.0,60.0,20.0,3.15,4.73,7.49,954.0,,,4040000.0,687000.0,4440000.0,284000.0,1230000.0,65.075,26.835,68.221,17.2,17.2,0.328,47500.0,11800.0,46300.0,8070.0,,3100.0,3780000000.0,"IS_811_1987 (corpus structured/sections.csv, p.28)",PASS,PASS
LZ180X60X20X1.6,180 x 60 x 20 x 1.60,LZ,10,Lipped zed sections (equal flanges),28,180.0,60.0,20.0,1.6,2.4,4.1,522.0,,,2540000.0,402000.0,2770000.0,170000.0,742000.0,69.756,27.751,72.846,18.0,18.0,0.313,28200.0,6790.0,27200.0,4780.0,,440.0,2430000000.0,"IS_811_1987 (corpus structured/sections.csv, p.28)",PASS,PASS
LZ180X60X20X2,180 x 60 x 20 x 2.00,LZ,10,Lipped zed sections (equal flanges),28,180.0,60.0,20.0,2.0,3.0,5.07,646.0,,,3110000.0,485000.0,3390000.0,205000.0,902000.0,69.385,27.4,72.441,17.8,17.8,0.31,34600.0,8220.0,33500.0,5780.0,,850.0,2940000000.0,"IS_811_1987 (corpus structured/sections.csv, p.28)",PASS,PASS
LZ180X60X20X2.3,180 x 60 x 20 x 2.30,LZ,10,Lipped zed sections (equal flanges),28,180.0,60.0,20.0,2.3,3.45,5.78,736.0,,,3530000.0,543000.0,3840000.0,230000.0,1020000.0,69.255,27.162,72.232,17.7,17.7,0.308,39200.0,9220.0,38000.0,6480.0,,1280.0,3320000000.0,"IS_811_1987 (corpus structured/sections.csv, p.28)",PASS,PASS
LZ180X60X20X2.55,180 x 60 x 20 x 2.55,LZ,10,Lipped zed sections (equal flanges),28,180.0,60.0,20.0,2.55,3.83,6.37,811.0,,,3860000.0,588000.0,4200000.0,250000.0,1110000.0,68.99,26.926,71.964,17.6,17.6,0.306,42900.0,10000.0,41700.0,7030.0,,1740.0,3620000000.0,"IS_811_1987 (corpus structured/sections.csv, p.28)",PASS,PASS
LZ180X60X20X3.15,180 x 60 x 20 x 3.15,LZ,10,Lipped zed sections (equal flanges),28,180.0,60.0,20.0,3.15,4.73,7.74,986.0,,,4630000.0,687000.0,5020000.0,293000.0,1310000.0,68.525,26.396,71.353,17.2,17.2,0.302,51400.0,11800.0,50300.0,8240.0,,3210.0,4290000000.0,"IS_811_1987 (corpus structured/sections.csv, p.28)",PASS,PASS
LZ190X60X20X1.6,190 x 60 x 20 x 1.60,LZ,10,Lipped zed sections (equal flanges),28,190.0,60.0,20.0,1.6,2.4,4.22,538.0,,,2890000.0,402000.0,3110000.0,175000.0,785000.0,73.292,27.335,76.031,18.0,18.0,0.289,30400.0,6790.0,29300.0,4840.0,,460.0,2720000000.0,"IS_811_1987 (corpus structured/sections.csv, p.28)",PASS,PASS
LZ190X60X20X2,190 x 60 x 20 x 2.00,LZ,10,Lipped zed sections (equal flanges),28,190.0,60.0,20.0,2.0,3.0,5.22,667.0,,,3540000.0,485000.0,3810000.0,211000.0,955000.0,72.852,26.965,75.579,17.8,17.8,0.287,37300.0,8220.0,36100.0,5880.0,,880.0,3310000000.0,"IS_811_1987 (corpus structured/sections.csv, p.28)",PASS,PASS
LZ190X60X20X2.3,190 x 60 x 20 x 2.30,LZ,10,Lipped zed sections (equal flanges),29,190.0,60.0,20.0,2.3,3.45,5.96,760.0,,,4010000.0,543000.0,4320000.0,237000.0,1080000.0,72.638,26.73,75.394,17.6,17.6,0.285,42200.0,9220.0,41000.0,6590.0,,1320.0,3740000000.0,"IS_811_1987 (corpus structured/sections.csv, p.29)",PASS,PASS
LZ190X60X20X2.55,190 x 60 x 20 x 2.55,LZ,10,Lipped zed sections (equal flanges),29,190.0,60.0,20.0,2.55,3.83,6.57,837.0,,,4390000.0,588000.0,4720000.0,257000.0,1170000.0,72.422,26.505,75.095,17.5,17.5,0.283,46200.0,10000.0,45000.0,7150.0,,1790.0,4070000000.0,"IS_811_1987 (corpus structured/sections.csv, p.29)",PASS,PASS
LZ190X60X20X3.15,190 x 60 x 20 x 3.15,LZ,10,Lipped zed sections (equal flanges),29,190.0,60.0,20.0,3.15,4.73,7.98,1017.0,,,5270000.0,687000.0,5650000.0,301000.0,1390000.0,71.985,25.991,74.536,17.2,17.2,0.279,55400.0,11800.0,54300.0,8380.0,,3310.0,4840000000.0,"IS_811_1987 (corpus structured/sections.csv, p.29)",PASS,PASS
LZ200X60X20X1.6,200 x 60 x 20 x 1.60,LZ,10,Lipped zed sections (equal flanges),29,200.0,60.0,20.0,1.6,2.4,4.35,554.0,,,3260000.0,402000.0,3480000.0,179000.0,829000.0,76.71,26.938,79.256,18.0,18.0,0.269,32600.0,6790.0,31500.0,4940.0,,470.0,3040000000.0,"IS_811_1987 (corpus structured/sections.csv, p.29)",PASS,PASS
LZ200X60X20X2,200 x 60 x 20 x 2.00,LZ,10,Lipped zed sections (equal flanges),29,200.0,60.0,20.0,2.0,3.0,5.38,686.0,,,4000000.0,485000.0,4270000.0,216000.0,1010000.0,76.36,26.589,78.895,17.8,17.8,0.266,40000.0,8220.0,38800.0,5970.0,,900.0,3710000000.0,"IS_811_1987 (corpus structured/sections.csv, p.29)",PASS,PASS
LZ200X60X20X2.3,200 x 60 x 20 x 2.30,LZ,10,Lipped zed sections (equal flanges),29,200.0,60.0,20.0,2.3,3.45,6.14,780.0,,,4530000.0,543000.0,4830000.0,243000.0,1130000.0,76.208,26.385,78.691,17.6,17.6,0.265,45300.0,9220.0,44100.0,6700.0,,1360.0,4180000000.0,"IS_811_1987 (corpus structured/sections.csv, p.29)",PASS,PASS
LZ200X60X20X2.55,200 x 60 x 20 x 2.55,LZ,10,Lipped zed sections (equal flanges),29,200.0,60.0,20.0,2.55,3.83,6.77,862.0,,,4960000.0,588000.0,5290000.0,263000.0,1240000.0,75.856,26.118,78.338,17.5,17.5,0.263,49600.0,10000.0,48500.0,7270.0,,1840.0,4560000000.0,"IS_811_1987 (corpus structured/sections.csv, p.29)",PASS,PASS
LZ200X60X20X3.15,200 x 60 x 20 x 3.15,LZ,10,Lipped zed sections (equal flanges),29,200.0,60.0,20.0,3.15,4.73,8.23,1049.0,,,5960000.0,687000.0,6340000.0,309000.0,1460000.0,75.376,25.591,77.742,17.2,17.2,0.259,59600.0,11800.0,58400.0,8520.0,,3410.0,5420000000.0,"IS_811_1987 (corpus structured/sections.csv, p.29)",PASS,PASS
LZ210X60X20X1.6,210 x 60 x 20 x 1.60,LZ,10,Lipped zed sections (equal flanges),29,210.0,60.0,20.0,1.6,2.4,4.47,570.0,,,3660000.0,402000.0,3880000.0,183000.0,872000.0,80.131,26.557,82.505,17.9,17.9,0.251,34900.0,6790.0,33800.0,5010.0,,480.0,3390000000.0,"IS_811_1987 (corpus structured/sections.csv, p.29)",PASS,PASS
LZ210X60X20X2,210 x 60 x 20 x 2.00,LZ,10,Lipped zed sections (equal flanges),29,210.0,60.0,20.0,2.0,3.0,5.54,706.0,,,4490000.0,485000.0,4750000.0,221000.0,1060000.0,79.748,26.21,82.025,17.7,17.7,0.248,42800.0,8220.0,41600.0,6060.0,,930.0,4130000000.0,"IS_811_1987 (corpus structured/sections.csv, p.29)",PASS,PASS
LZ210X60X20X2.3,210 x 60 x 20 x 2.30,LZ,10,Lipped zed sections (equal flanges),29,210.0,60.0,20.0,2.3,3.45,6.32,805.0,,,5090000.0,543000.0,5390000.0,248000.0,1190000.0,79.517,25.972,81.827,17.6,17.6,0.247,48500.0,9220.0,47300.0,6790.0,,1400.0,4650000000.0,"IS_811_1987 (corpus structured/sections.csv, p.29)",PASS,PASS
LZ210X60X20X2.55,210 x 60 x 20 x 2.55,LZ,10,Lipped zed sections (equal flanges),29,210.0,60.0,20.0,2.55,3.83,6.97,888.0,,,5580000.0,588000.0,5900000.0,269000.0,1300000.0,79.27,25.733,81.512,17.4,17.4,0.245,53100.0,10000.0,52000.0,7370.0,,1900.0,5080000000.0,"IS_811_1987 (corpus structured/sections.csv, p.29)",PASS,PASS
LZ210X60X20X3.15,210 x 60 x 20 x 3.15,LZ,10,Lipped zed sections (equal flanges),29,210.0,60.0,20.0,3.15,4.73,8.48,1080.0,,,6670000.0,687000.0,7070000.0,316000.0,1540000.0,78.587,25.221,80.909,17.1,17.1,0.241,63800.0,11800.0,62700.0,8650.0,,3520.0,6030000000.0,"IS_811_1987 (corpus structured/sections.csv, p.29)",PASS,PASS
LZ220X60X20X1.6,220 x 60 x 20 x 1.60,LZ,10,Lipped zed sections (equal flanges),29,220.0,60.0,20.0,1.6,2.4,4.6,586.0,,,4090000.0,402000.0,4300000.0,187000.0,916000.0,83.544,26.192,85.661,17.9,17.9,0.235,37200.0,6790.0,36100.0,5070.0,,500.0,3750000000.0,"IS_811_1987 (corpus structured/sections.csv, p.29)",PASS,PASS
LZ220X60X20X2,220 x 60 x 20 x 2.00,LZ,10,Lipped zed sections (equal flanges),29,220.0,60.0,20.0,2.0,3.0,5.7,726.0,,,5020000.0,485000.0,5280000.0,226000.0,1110000.0,83.154,25.847,85.28,17.6,17.6,0.232,45600.0,8220.0,44500.0,6130.0,,960.0,4570000000.0,"IS_811_1987 (corpus structured/sections.csv, p.29)",PASS,PASS
LZ220X60X20X2.3,220 x 60 x 20 x 2.30,LZ,10,Lipped zed sections (equal flanges),29,220.0,60.0,20.0,2.3,3.45,6.5,828.0,,,5690000.0,543000.0,5980000.0,254000.0,1250000.0,82.897,25.609,84.984,17.5,17.5,0.231,51800.0,9220.0,50600.0,6880.0,,1450.0,5160000000.0,"IS_811_1987 (corpus structured/sections.csv, p.29)",PASS,PASS
LZ220X60X20X2.55,220 x 60 x 20 x 2.55,LZ,10,Lipped zed sections (equal flanges),29,220.0,60.0,20.0,2.55,3.83,7.17,913.0,,,6240000.0,588000.0,6550000.0,275000.0,1310000.0,82.672,25.378,84.7,17.4,17.4,0.229,56700.0,10000.0,55600.0,7470.0,,1960.0,5620000000.0,"IS_811_1987 (corpus structured/sections.csv, p.29)",PASS,PASS
LZ220X60X20X3.15,220 x 60 x 20 x 3.15,LZ,10,Lipped zed sections (equal flanges),29,220.0,60.0,20.0,3.15,4.73,8.73,1110.0,,,7500000.0,688000.0,7860000.0,323000.0,1620000.0,82.199,24.896,84.149,17.0,17.0,0.226,68100.0,11800.0,67100.0,8760.0,,3620.0,6680000000.0,"IS_811_1987 (corpus structured/sections.csv, p.29)",PASS,PASS
LZ230X75X20X1.6,230 x 75 x 20 x 1.60,LZ,10,Lipped zed sections (equal flanges),29,230.0,75.0,20.0,1.6,2.4,5.1,650.0,,,5170000.0,721000.0,5580000.0,314000.0,1410000.0,89.184,33.305,92.653,22.0,22.0,0.29,45000.0,9720.0,43100.0,7010.0,,550.0,6990000000.0,"IS_811_1987 (corpus structured/sections.csv, p.29)",PASS,PASS
LZ230X75X20X2,230 x 75 x 20 x 2.00,LZ,10,Lipped zed sections (equal flanges),29,230.0,75.0,20.0,2.0,3.0,6.32,806.0,,,6360000.0,875000.0,6860000.0,381000.0,1720000.0,88.83,32.949,92.256,21.8,21.8,0.287,55300.0,11800.0,53200.0,8520.0,,1060.0,8550000000.0,"IS_811_1987 (corpus structured/sections.csv, p.29)",PASS,PASS
LZ230X75X20X2.3,230 x 75 x 20 x 2.30,LZ,10,Lipped zed sections (equal flanges),29,230.0,75.0,20.0,2.3,3.45,7.23,920.0,,,7230000.0,983000.0,7780000.0,429000.0,1940000.0,88.649,32.688,91.959,21.6,21.6,0.285,62900.0,13300.0,60500.0,9580.0,,1610.0,9670000000.0,"IS_811_1987 (corpus structured/sections.csv, p.29)",PASS,PASS
LZ230X75X20X2.55,230 x 75 x 20 x 2.55,LZ,10,Lipped zed sections (equal flanges),29,230.0,75.0,20.0,2.55,3.83,7.97,1020.0,,,7930000.0,1070000.0,8540000.0,467000.0,2120000.0,88.173,32.389,91.502,21.4,21.4,0.284,69000.0,14500.0,66600.0,10400.0,,2180.0,10600000000.0,"IS_811_1987 (corpus structured/sections.csv, p.29)",PASS,PASS
LZ230X75X20X3.15,230 x 75 x 20 x 3.15,LZ,10,Lipped zed sections (equal flanges),29,230.0,75.0,20.0,3.15,4.73,9.72,1240.0,,,9560000.0,1260000.0,10300000.0,552000.0,2530000.0,87.805,31.877,91.14,21.1,21.1,0.28,83200.0,17200.0,80600.0,12300.0,,4040.0,12600000000.0,"IS_811_1987 (corpus structured/sections.csv, p.29)",PASS,PASS
LZ240X75X20X2,240 x 75 x 20 x 2.00,LZ,10,Lipped zed sections (equal flanges),29,240.0,75.0,20.0,2.0,3.0,6.48,826.0,,,7030000.0,875000.0,7520000.0,389000.0,1800000.0,92.255,32.547,95.415,21.7,21.7,0.27,58600.0,11800.0,56500.0,8620.0,,1090.0,9390000000.0,"IS_811_1987 (corpus structured/sections.csv, p.29)",PASS,PASS
LZ240X75X20X2.3,240 x 75 x 20 x 2.30,LZ,10,Lipped zed sections (equal flanges),29,240.0,75.0,20.0,2.3,3.45,7.41,944.0,,,7990000.0,983000.0,8540000.0,438000.0,2030000.0,92.0,32.269,95.114,21.6,21.6,0.269,66600.0,13300.0,64300.0,9700.0,,1650.0,10600000000.0,"IS_811_1987 (corpus structured/sections.csv, p.29)",PASS,PASS
LZ240X75X20X2.55,240 x 75 x 20 x 2.55,LZ,10,Lipped zed sections (equal flanges),29,240.0,75.0,20.0,2.55,3.83,8.17,1040.0,,,8780000.0,1070000.0,9370000.0,477000.0,2220000.0,91.882,32.076,94.919,21.4,21.4,0.267,73100.0,14500.0,70700.0,10600.0,,2230.0,11600000000.0,"IS_811_1987 (corpus structured/sections.csv, p.29)",PASS,PASS
LZ240X75X20X3.15,240 x 75 x 20 x 3.15,LZ,10,Lipped zed sections (equal flanges),29,240.0,75.0,20.0,3.15,4.73,9.96,1270.0,,,10600000.0,1260000.0,11300000.0,564000.0,2640000.0,91.359,31.498,94.327,21.1,21.1,0.264,88200.0,17200.0,85700.0,12500.0,,4140.0,13900000000.0,"IS_811_1987 (corpus structured/sections.csv, p.29)",PASS,PASS
LZ250X75X20X1.6,250 x 75 x 20 x 1.60,LZ,10,Lipped zed sections (equal flanges),29,250.0,75.0,20.0,1.6,2.4,5.35,682.0,,,6290000.0,721000.0,6690000.0,327000.0,1530000.0,96.036,32.514,99.042,21.9,21.9,0.257,50300.0,9720.0,48500.0,7170.0,,580.0,8400000000.0,"IS_811_1987 (corpus structured/sections.csv, p.29)",PASS,PASS
LZ250X75X20X2,250 x 75 x 20 x 2.00,LZ,10,Lipped zed sections (equal flanges),29,250.0,75.0,20.0,2.0,3.0,6.64,846.0,,,7750000.0,875000.0,8220000.0,397000.0,1870000.0,95.712,32.16,98.571,21.7,21.7,0.255,62000.0,11800.0,59800.0,8710.0,,1120.0,10300000000.0,"IS_811_1987 (corpus structured/sections.csv, p.29)",PASS,PASS
LZ250X75X20X2.3,250 x 75 x 20 x 2.30,LZ,10,Lipped zed sections (equal flanges),29,250.0,75.0,20.0,2.3,3.45,7.59,966.0,,,8810000.0,983000.0,9340000.0,447000.0,2120000.0,95.499,31.9,98.33,21.5,21.5,,70500.0,13300.0,68200.0,9810.0,,1690.0,11600000000.0,"IS_811_1987 (corpus structured/sections.csv, p.29)",FLAG: tan(theta) printed 0.353 inconsistent (neighbours 0.255/0.252) — probable misprint,PASS (corpus-flagged misprint blanked: tan_alpha)
LZ250X75X20X2.55,250 x 75 x 20 x 2.55,LZ,10,Lipped zed sections (equal flanges),29,250.0,75.0,20.0,2.55,3.83,8.37,1070.0,,,9670000.0,1070000.0,10250000.0,487000.0,2310000.0,95.065,31.623,97.875,21.4,21.4,0.252,77400.0,14500.0,75000.0,10700.0,,2290.0,12700000000.0,"IS_811_1987 (corpus structured/sections.csv, p.29)",PASS,PASS
LZ250X75X20X3.15,250 x 75 x 20 x 3.15,LZ,10,Lipped zed sections (equal flanges),29,250.0,75.0,20.0,3.15,4.73,10.2,1300.0,,,11700000.0,1260000.0,12350000.0,575000.0,2760000.0,94.868,31.132,97.468,21.0,21.0,0.249,93300.0,17200.0,90800.0,12600.0,,4280.0,15200000000.0,"IS_811_1987 (corpus structured/sections.csv, p.29)",PASS,PASS
LZ260X75X20X1.6,260 x 75 x 20 x 1.60,LZ,10,Lipped zed sections (equal flanges),29,260.0,75.0,20.0,1.6,2.4,,698.0,,,6970000.0,721000.0,7290000.0,333000.0,1600000.0,99.928,32.14,102.197,21.8,21.8,0.243,53100.0,9720.0,51300.0,7240.0,,590.0,9160000000.0,"IS_811_1987 (corpus structured/sections.csv, p.29)",FLAG: mass printed 5.98 kg/m inconsistent with A 6.98 cm2 (0.785A = 5.48) — misprint in the standard,PASS (corpus-flagged misprint blanked: Mass_kg_m)
LZ260X75X20X2,260 x 75 x 20 x 2.00,LZ,10,Lipped zed sections (equal flanges),29,260.0,75.0,20.0,2.0,3.0,6.8,866.0,,,8500000.0,875000.0,8970000.0,405000.0,1950000.0,99.072,31.787,101.774,21.6,21.6,0.241,65400.0,11800.0,63300.0,8800.0,,1140.0,11200000000.0,"IS_811_1987 (corpus structured/sections.csv, p.29)",PASS,PASS
LZ260X75X20X2.3,260 x 75 x 20 x 2.30,LZ,10,Lipped zed sections (equal flanges),29,260.0,75.0,20.0,2.3,3.45,7.77,990.0,,,9670000.0,983000.0,10200000.0,455000.0,2210000.0,98.832,31.511,101.504,21.4,21.4,0.279,74400.0,13300.0,72100.0,9910.0,,1730.0,12700000000.0,"IS_811_1987 (corpus structured/sections.csv, p.29)",PASS,PASS
LZ260X75X20X2.55,260 x 75 x 20 x 2.55,LZ,10,Lipped zed sections (equal flanges),29,260.0,75.0,20.0,2.55,3.83,8.57,1090.0,,,10600000.0,1070000.0,11200000.0,496000.0,2410000.0,98.614,31.331,101.367,21.3,21.3,0.238,81700.0,14500.0,79300.0,10800.0,,2340.0,13900000000.0,"IS_811_1987 (corpus structured/sections.csv, p.29)",PASS,PASS
LZ260X75X20X3.15,260 x 75 x 20 x 3.15,LZ,10,Lipped zed sections (equal flanges),29,260.0,75.0,20.0,3.15,4.73,10.5,1330.0,,,12800000.0,1260000.0,13500000.0,586000.0,2870000.0,98.102,30.779,100.749,21.0,21.0,0.235,98600.0,17200.0,96100.0,12700.0,,4350.0,16600000000.0,"IS_811_1987 (corpus structured/sections.csv, p.29)",PASS,PASS
LZ270X75X20X1.6,270 x 75 x 20 x 1.60,LZ,10,Lipped zed sections (equal flanges),29,270.0,75.0,20.0,1.6,2.4,5.6,714.0,,,7550000.0,721000.0,7930000.0,339000.0,1660000.0,102.831,31.777,105.387,21.8,21.8,0.23,55900.0,9720.0,54100.0,7310.0,,610.0,9960000000.0,"IS_811_1987 (corpus structured/sections.csv, p.29)",PASS,PASS
LZ270X75X20X2,270 x 75 x 20 x 2.00,LZ,10,Lipped zed sections (equal flanges),29,270.0,75.0,20.0,2.0,3.0,6.95,886.0,,,9300000.0,875000.0,9760000.0,412000.0,2030000.0,102.453,31.426,104.956,21.6,21.6,0.228,68900.0,11800.0,66800.0,8890.0,,1170.0,12200000000.0,"IS_811_1987 (corpus structured/sections.csv, p.29)",PASS,PASS
LZ270X75X20X2.3,270 x 75 x 20 x 2.30,LZ,10,Lipped zed sections (equal flanges),30,270.0,75.0,20.0,2.3,3.45,7.95,1010.0,,,10600000.0,983000.0,11100000.0,463000.0,2290000.0,102.445,31.197,104.834,21.4,21.4,0.227,78300.0,13300.0,76000.0,10000.0,,1770.0,13800000000.0,"IS_811_1987 (corpus structured/sections.csv, p.30)",PASS,PASS
LZ270X75X20X2.55,270 x 75 x 20 x 2.55,LZ,10,Lipped zed sections (equal flanges),30,270.0,75.0,20.0,2.55,3.83,8.77,1120.0,,,11600000.0,1070000.0,12200000.0,505000.0,2510000.0,101.77,30.909,104.369,21.2,21.2,0.225,86100.0,14500.0,83700.0,10900.0,,2400.0,15100000000.0,"IS_811_1987 (corpus structured/sections.csv, p.30)",PASS,PASS
LZ270X75X20X3.15,270 x 75 x 20 x 3.15,LZ,10,Lipped zed sections (equal flanges),30,270.0,75.0,20.0,3.15,4.73,10.7,1360.0,,,14000000.0,1260000.0,14700000.0,597000.0,2990000.0,101.46,30.438,103.965,20.9,20.9,0.222,104000.0,17200.0,102000.0,12900.0,,4460.0,18100000000.0,"IS_811_1987 (corpus structured/sections.csv, p.30)",PASS,PASS
LZ280X75X20X1.6,280 x 75 x 20 x 1.60,LZ,10,Lipped zed sections (equal flanges),30,280.0,75.0,20.0,1.6,2.4,5.73,730.0,,,8230000.0,720000.0,8610000.0,344000.0,1720000.0,106.179,31.405,108.603,21.7,21.7,0.219,58800.0,9720.0,57000.0,7380.0,,620.0,10800000000.0,"IS_811_1987 (corpus structured/sections.csv, p.30)",PASS,PASS
LZ280X75X20X2,280 x 75 x 20 x 2.00,LZ,10,Lipped zed sections (equal flanges),30,280.0,75.0,20.0,2.0,3.0,7.11,906.0,,,10100000.0,875000.0,10600000.0,418000.0,2110000.0,105.584,31.077,108.166,21.5,21.5,0.217,72500.0,11800.0,70400.0,8970.0,,1200.0,13200000000.0,"IS_811_1987 (corpus structured/sections.csv, p.30)",PASS,PASS
LZ280X75X20X2.3,280 x 75 x 20 x 2.30,LZ,10,Lipped zed sections (equal flanges),30,280.0,75.0,20.0,2.3,3.45,8.13,1040.0,,,11500000.0,983000.0,12000000.0,471000.0,2380000.0,105.156,30.744,107.417,21.3,21.3,0.215,82400.0,13300.0,80200.0,10100.0,,1810.0,15000000000.0,"IS_811_1987 (corpus structured/sections.csv, p.30)",PASS,PASS
LZ280X75X20X2.55,280 x 75 x 20 x 2.55,LZ,10,Lipped zed sections (equal flanges),30,280.0,75.0,20.0,2.55,3.83,8.97,1140.0,,,12700000.0,1069000.0,13200000.0,513000.0,2600000.0,105.548,30.622,107.606,21.2,21.2,0.214,90500.0,14500.0,88300.0,11000.0,,2450.0,16400000000.0,"IS_811_1987 (corpus structured/sections.csv, p.30)",PASS,PASS
LZ280X75X20X3.15,280 x 75 x 20 x 3.15,LZ,10,Lipped zed sections (equal flanges),30,280.0,75.0,20.0,3.15,4.73,11.0,1400.0,,,15300000.0,1260000.0,16000000.0,606000.0,3100000.0,104.54,30.0,106.904,20.8,20.8,0.211,109000.0,17200.0,107000.0,13000.0,,4560.0,19600000000.0,"IS_811_1987 (corpus structured/sections.csv, p.30)",PASS,PASS
LZ290X75X20X1.6,290 x 75 x 20 x 1.60,LZ,10,Lipped zed sections (equal flanges),30,290.0,75.0,20.0,1.6,2.4,5.86,746.0,,,8950000.0,721000.0,9320000.0,350000.0,1790000.0,109.532,31.088,111.773,21.6,21.6,0.208,61700.0,9720.0,59200.0,7440.0,,630.0,11700000000.0,"IS_811_1987 (corpus structured/sections.csv, p.30)",PASS,PASS
LZ290X75X20X2,290 x 75 x 20 x 2.00,LZ,10,Lipped zed sections (equal flanges),30,290.0,75.0,20.0,2.0,3.0,7.27,926.0,,,11000000.0,875000.0,11500000.0,425000.0,2180000.0,108.991,30.74,111.441,21.4,21.4,0.206,76100.0,11800.0,74000.0,9040.0,,1220.0,14300000000.0,"IS_811_1987 (corpus structured/sections.csv, p.30)",PASS,PASS
LZ290X75X20X2.3,290 x 75 x 20 x 2.30,LZ,10,Lipped zed sections (equal flanges),30,290.0,75.0,20.0,2.3,3.45,8.37,1060.0,,,12500000.0,983000.0,13100000.0,478000.0,2470000.0,108.593,30.453,111.169,21.3,21.3,0.205,86500.0,13300.0,84400.0,10200.0,,1850.0,16200000000.0,"IS_811_1987 (corpus structured/sections.csv, p.30)",PASS,PASS
LZ290X75X20X2.55,290 x 75 x 20 x 2.55,LZ,10,Lipped zed sections (equal flanges),30,290.0,75.0,20.0,2.55,3.83,9.17,1170.0,,,13800000.0,1070000.0,14300000.0,521000.0,2700000.0,108.604,30.241,110.554,21.1,21.1,0.203,95100.0,14500.0,92900.0,11100.0,,2510.0,17700000000.0,"IS_811_1987 (corpus structured/sections.csv, p.30)",PASS,PASS
LZ290X75X20X3.15,290 x 75 x 20 x 3.15,LZ,10,Lipped zed sections (equal flanges),30,290.0,75.0,20.0,3.15,4.73,11.2,1430.0,,,16700000.0,1260000.0,17400000.0,616000.0,3220000.0,108.066,29.684,110.308,20.8,20.8,0.2,115000.0,17200.0,113000.0,13100.0,,4660.0,21200000000.0,"IS_811_1987 (corpus structured/sections.csv, p.30)",PASS,PASS
LZ300X75X20X1.6,300 x 75 x 20 x 1.60,LZ,10,Lipped zed sections (equal flanges),30,300.0,75.0,20.0,1.6,2.4,5.98,762.0,,,9700000.0,721000.0,10100000.0,355000.0,1850000.0,112.826,30.76,115.129,21.0,21.0,0.198,64700.0,9720.0,62900.0,7500.0,,650.0,12600000000.0,"IS_811_1987 (corpus structured/sections.csv, p.30)",PASS,PASS
LZ300X75X20X2,300 x 75 x 20 x 2.00,LZ,10,Lipped zed sections (equal flanges),30,300.0,75.0,20.0,2.0,3.0,7.42,946.0,,,12000000.0,875000.0,12400000.0,431000.0,2260000.0,112.628,30.413,114.489,21.4,21.4,0.196,79810.0,11600.0,77800.0,9110.0,,1250.0,15400000000.0,"IS_811_1987 (corpus structured/sections.csv, p.30)",PASS,PASS
LZ300X75X20X2.3,300 x 75 x 20 x 2.30,LZ,10,Lipped zed sections (equal flanges),30,300.0,75.0,20.0,2.3,3.45,8.49,1080.0,,,13600000.0,983000.0,14100000.0,485000.0,2560000.0,112.217,30.169,114.261,21.2,21.2,0.195,90800.0,13300.0,88700.0,10300.0,,1890.0,17400000000.0,"IS_811_1987 (corpus structured/sections.csv, p.30)",PASS,PASS
LZ300X75X20X2.55,300 x 75 x 20 x 2.55,LZ,10,Lipped zed sections (equal flanges),30,300.0,75.0,20.0,2.55,3.83,9.37,1190.0,,,15000000.0,1070000.0,15500000.0,529000.0,2790000.0,112.272,29.986,114.128,21.0,21.0,0.194,99700.0,14500.0,97600.0,11200.0,,2560.0,19100000000.0,"IS_811_1987 (corpus structured/sections.csv, p.30)",PASS,PASS
LZ300X75X20X3.15,300 x 75 x 20 x 3.15,LZ,10,Lipped zed sections (equal flanges),30,300.0,75.0,20.0,3.15,4.73,11.5,1460.0,,,18100000.0,1260000.0,18700000.0,625000.0,3330000.0,111.343,29.377,113.173,20.7,20.7,0.191,121000.0,17200.0,118000.0,13200.0,,4770.0,22800000000.0,"IS_811_1987 (corpus structured/sections.csv, p.30)",PASS,PASS
